Target,2MASS,Other Name,RA,DEC,Region,Distance (pc),SpT,M*,log(dm/dt),A_V,U,V,COS orbs,STIS orbs,AR modes,region,Radius,Prot,Chandragrating,_q,2RXS__q,2RXS__r,2RXS_Ximg,2RXS__2RXS,2RXS_Seq,2RXS_IndDet,2RXS_ExiML,2RXS_Cts,2RXS_e_Cts,2RXS_CRate,2RXS_e_CRate,2RXS_ExpTime,2RXS_RAJ2000,2RXS_DEJ2000,2RXS_RAhms,2RXS_DEdms,2RXS_GLON,2RXS_GLAT,2RXS_Lambda,2RXS_Beta,2RXS_Ext,2RXS_e_Ext,2RXS_ExtML,2RXS_HR1,2RXS_e_HR1,2RXS_HR2,2RXS_e_HR2,2RXS_USKY,2RXS_Masked,2RXS_FAll,2RXS_Sflag,2RXS_Index,2RXS_AmpMax,2RXS_CM,2RXS_CD,2RXS_CTSlc,2RXS_Cmin,2RXS_Cmax,2RXS_e_Cmin,2RXS_e_Cmax,2RXS_Chi2lc,2RXS_ExcVar,2RXS_e_ExcVar,2RXS_sigExc,2RXS_NHgal,2RXS_NHfitp,2RXS_e_NHfitp,2RXS_Normp,2RXS_e_Normp,2RXS_Gammap,2RXS_e_Gammap,2RXS_CTRspep,2RXS_Fluxp,2RXS_Chi2rspp,2RXS_Chi2spp,2RXS_NDptp,2RXS_NDFp,2RXS_NHfitm,2RXS_e_NHfitm,2RXS_Normm,2RXS_e_Normm,2RXS_Tempfitm,2RXS_e_Tempfitm,2RXS_CTRspm,2RXS_Fluxm,2RXS_Chi2rspm,2RXS_Chi2spm,2RXS_NDptm,2RXS_NDFm,2RXS_NHfitb,2RXS_e_NHfitb,2RXS_Normb,2RXS_e_Normb,2RXS_Tempfitb,2RXS_e_Tempfitb,2RXS_CTRspb,2RXS_Fluxb,2RXS_Chi2rspb,2RXS_Chi2spb,2RXS_NDptb,2RXS_NDFb,2RXS_Xima,2RXS_Yima,2RXS_e_Xima,2RXS_e_Yima,2RXS_Xsky,2RXS_Ysky,2RXS_CuRad,2RXS_FA,2RXS_TotNum,2RXS_BGR,2RXS_VigCor,2RXS_Rem,2RXS_SB1,2RXS_SB2,2RXS_SB3,2RXS_SB4,2RXS_B1,2RXS_B2,2RXS_B3,2RXS_B4,2RXS_Bspa,2RXS_S1,2RXS_S2,2RXS_S3,2RXS_S4,2RXS_mXMMSL1,2RXS_eXMMSL1,2RXS_dXMMSL1,2RXS_RA1deg,2RXS_DE1deg,2RXS_XMMSL1,2RXS_CRB0,2RXS_e_CRB0,2RXS_CRB5,2RXS_e_CRB5,2RXS_m3XMM,2RXS_e3XMM,2RXS_d3XMM,2RXS_RA2deg,2RXS_DE2deg,2RXS__3XMM,2RXS_CREP8,2RXS_e_CREP8,2RXS_FluxR,2RXS_e_FluxR,2RXS_m2RXP,2RXS_e2RXP,2RXS_d2RXP,2RXS_RA3deg,2RXS_DE3deg,2RXS__2RXP,2RXS_CR2RXP,2RXS_e_CR2RXP,2RXS_ETim2RXP,2RXS_ObsID,2RXS_m1RXS,2RXS_e1RXS,2RXS_d1RXS,2RXS_RA4deg,2RXS_DE4deg,2RXS__1RXS,2RXS_CR1RXS,2RXS_e_CR1RXS,2RXS_CTS1RXS,2RXS_e_CTS1RXS,2RXS_ExiML1RXS,2RXS_ExPos1RXS,2RXS_HR11RXS,2RXS_e_HR11RXS,2RXS_HR21RXS,2RXS_e_HR21RXS,2RXS_mVV10,2RXS_eVV10,2RXS_dVV10,2RXS_VV10,2RXS_TypeVV10,2RXS_VmagVV10,2RXS_zVV10,2RXS_IndexVV10,2RXS_RA5deg,2RXS_DE5deg,2RXS_mTYC2,2RXS_eTYC2,2RXS_dTYC2,2RXS_RA6deg,2RXS_DE6deg,2RXS_RecnoTYC2,2RXS_VTmag,2RXS_BTmag,2RXS_TYC1,2RXS_TYC2,2RXS_TYC3,2RXS_mBSC,2RXS_eBSC,2RXS_dBSC,2RXS_RA7deg,2RXS_DE7deg,2RXS_VmagBSC,2RXS_SpTypeBSC,2RXS_RecnoBSC,2RXS_HD,2RXS_mHMXB,2RXS_eHMXB,2RXS_dHMXB,2RXS_RA8deg,2RXS_DE8deg,2RXS_NameHMXB,2RXS_Name2HMXB,2RXS_VmagHMXB,2RXS_mLMXB,2RXS_eLMXB,2RXS_dLMXB,2RXS_RA9deg,2RXS_DE9deg,2RXS_NameLMXB,2RXS_Name2LMXB,2RXS_VmagLMXB,2RXS_mATNF,2RXS_eATNF,2RXS_dATNF,2RXS_RA10deg,2RXS_DE10deg,2RXS_ATNF,2RXS_TypeATNF,2RXS_PerATNF,2RXS_mFUH,2RXS_eFUH,2RXS_dFUH,2RXS_RA11deg,2RXS_DE11deg,2RXS_SeqFUH,2RXS_NameFUH,2RXS_m1SXPS,2RXS_e1SXPS,2RXS_d1SXPS,2RXS_RA12deg,2RXS_DE12deg,2RXS_Exp1SXPS,2RXS_Det1SXPS,2RXS_Det01SXPS,2RXS_Det11SXPS,2RXS_Det21SXPS,2RXS_Det31SXPS,2RXS__1SXPS,2RXS_CR01SXPS,2RXS_e_CR01SXPS,2RXS_m1RXH,2RXS_e1RXH,2RXS_d1RXH,2RXS_RA13deg,2RXS_DE13deg,2RXS__1RXH,2RXS_CR1RXH,2RXS_e_CR1RXH,2RXS_ETim1RXH,2RXS_SNR1RXH,2RXS_mFlem,2RXS_eFlem,2RXS_dFlem,2RXS_RA14deg,2RXS_DE14deg,2RXS_Flem,2RXS_TypeFlem,2RXS_WFCFlem,2RXS_CRFlem,2RXS_e_CRFlem,2RXS_mWD,2RXS_eWD,2RXS_dWD,2RXS_RA15deg,2RXS_DE15deg,2RXS_WD,2RXS_VmagWD,2RXS_VsphotWD,2RXS_mSDSS,2RXS_eSDSS,2RXS_dSDSS,2RXS_RA16deg,2RXS_DE16deg,2RXS_SDSS,2RXS_LambdaS,2RXS_BetaS,2RXS_m2RXS,2RXS_e2RXS,2RXS_d2RXS,2RXS_I2RXS,2RXS_Seq2RXS,2RXS_IndD2RXS,2RXS_ExiML2RXS,2RXS_CR2RXS,2RXS_RA17deg,2RXS_DE17deg,2RXS_USKY2rxs,2RXS_Flag2rxs,2RXS_BkgId,2RXS_Xbkg1,2RXS_Ybkg1,2RXS_Xbkg2,2RXS_Ybkg2,2RXS_BGR1rxs,2RXS_BGR2rxs,2RXS_Lflag,2RXS_CM6,2RXS_CD6,2RXS_ExVAR6,2RXS_e_ExVAR6,2RXS_NbinsA,2RXS_Nbins6,2RXS_Nbins1,2RXS_NbinsN,2RXS_Cmin6,2RXS_Cmax6,2RXS_e_Cmin6,2RXS_e_Cmax6,2RXS_CTSlc6,2RXS_sigex6,2RXS_CM_CD,2RXS_SPX,2RXS_gp,2RXS_gm,2RXS_gb,2RXS_LCX,2RXS_i,2RXS_l,2RXS_b,2RXS_ObsClock1,2RXS_ObsClock2,2RXS_Obs.date1,2RXS_Obs.time1,2RXS_Obs.date2,2RXS_Obs.time2,tempid,EPIC_XMM_STACK_CAT.OBS_ID,EPIC_XMM_STACK_CAT.IAUNAME_4XMMDR9,EPIC_XMM_STACK_CAT.IAUNAME,EPIC_XMM_STACK_CAT.N_OBS,EPIC_XMM_STACK_CAT.N_CONTRIB,EPIC_XMM_STACK_CAT.N_EXP,EPIC_XMM_STACK_CAT.RA_OBJ,EPIC_XMM_STACK_CAT.DEC_OBJ,EPIC_XMM_STACK_CAT.RADEC_ERR,EPIC_XMM_STACK_CAT.EP_DET_ML,EPIC_XMM_STACK_CAT.REVOLUT,EPIC_XMM_STACK_CAT.N_BLEND,EPIC_XMM_STACK_CAT.EP_FLUX,EPIC_XMM_STACK_CAT.EP_FLUX_ERR,EPIC_XMM_STACK_CAT.EP_2_FLUX,EPIC_XMM_STACK_CAT.EP_2_FLUX_ERR,EPIC_XMM_STACK_CAT.EP_3_FLUX,EPIC_XMM_STACK_CAT.EP_3_FLUX_ERR,EPIC_XMM_STACK_CAT.EP_4_FLUX,EPIC_XMM_STACK_CAT.EP_4_FLUX_ERR,EPIC_XMM_STACK_CAT.EP_5_FLUX,EPIC_XMM_STACK_CAT.EP_5_FLUX_ERR,EPIC_XMM_STACK_CAT.EP_RATE,EPIC_XMM_STACK_CAT.EP_RATE_ERR,EPIC_XMM_STACK_CAT.EP_CTS,EPIC_XMM_STACK_CAT.EP_CTS_ERR,EPIC_XMM_STACK_CAT.PN_CTS,EPIC_XMM_STACK_CAT.PN_CTS_ERR,EPIC_XMM_STACK_CAT.EXTENT,EPIC_XMM_STACK_CAT.EXTENT_ERR,EPIC_XMM_STACK_CAT.EXTENT_ML,EPIC_XMM_STACK_CAT.EP_ONTIME,EPIC_XMM_STACK_CAT.PN_ONTIME,EPIC_XMM_STACK_CAT.PN_PILEUP,EPIC_XMM_STACK_CAT.EP_OFFAX,EPIC_XMM_STACK_CAT.STACK_FLAG,EPIC_XMM_STACK_CAT.VAR_CHI2,EPIC_XMM_STACK_CAT.VAR_PROB,EPIC_XMM_STACK_CAT.FLUXVAR,EPIC_XMM_STACK_CAT.MJD_FIRST,EPIC_XMM_STACK_CAT.MJD_LAST,EPIC_XMM_STACK_CAT.CC_POFFSET,EPIC_XMM_STACK_CAT.CC_POFFERR,EPIC_XMM_STACK_CAT.CC_REFCAT,EPIC_XMM_STACK_CAT.CC_NMATCHES,CSC2_sepn,CSC2_name,CSC2_ra,CSC2_dec,CSC2_err_ellipse_r0,CSC2_conf_flag,CSC2_sat_src_flag,CSC2_significance,CSC2_flux_aper_b,CSC2_flux_aper_lolim_b,CSC2_flux_aper_hilim_b,CSC2_flux_aper_w,CSC2_flux_aper_lolim_w,CSC2_flux_aper_hilim_w,CSC2_extent_flag,CSC2_hard_hm,CSC2_hard_hm_lolim,CSC2_hard_hm_hilim,CSC2_hard_ms,CSC2_hard_ms_lolim,CSC2_hard_ms_hilim,CSC2_var_intra_index_b,CSC2_var_inter_index_b,CSC2_var_intra_index_w,CSC2_var_inter_index_w,CSC2_match_type,CSC2_obsid,CSC2_obi,CSC2_region_id,CSC2_instrument,CSC2_theta,CSC2_phi,CSC2_livetime,CSC2_conf_code,CSC2_obi_sat_src_flag,CSC2_flux_significance_b,CSC2_flux_significance_w,CSC2_detector,CSC2_extent_code,CSC2_mjr_axis_raw_b,CSC2_mnr_axis_raw_b,CSC2_pos_angle_raw_b,CSC2_mjr_axis_raw_w,CSC2_mnr_axis_raw_w,CSC2_pos_angle_raw_w,CSC2_cnts_aper_b,CSC2_cnts_aper_w,CSC2_src_rate_aper_b,CSC2_src_rate_aper_w,CSC2_obi_flux_aper_b,CSC2_obi_flux_aper_lolim_b,CSC2_obi_flux_aper_hilim_b,CSC2_obi_flux_aper_w,CSC2_obi_flux_aper_lolim_w,CSC2_obi_flux_aper_hilim_w,CSC2_obi_hard_hm,CSC2_obi_hard_hm_lolim,CSC2_obi_hard_hm_hilim,CSC2_obi_hard_ms,CSC2_obi_hard_ms_hilim,CSC2_obi_hard_ms_lolim,CSC2_var_index_b,CSC2_var_index_w,CSC2_detect_stack_id
2MASSJ11183572-7935548,J11183572-7935548,eps Cha 13,11h18m36.72s,-79d35m55.8s,Cha I,160,M5,0.19,-8.95,0.0,nan,nan,1,1,,cha-1,,,False,5,5,,0.0,0.0,,0.0,,,,,,,,,0.0,0.0,,,,,,,,,,,,,,,,,,,,,,,,,,,,,,,,,,,,,,,,,,,,,,,,,,,,,,,,,,,,,,,,,,,,,,,,,,,,,0.0,,,,,,,,,,,,,,,,,,,0.0,,,,,,,,,,0.0,,,,,,,,,,0.0,,,,0.0,,,,,,0.0,,,,,,,,,,,,,,0.0,0,,,,,,,,,,,,,,,,,,,,,,,0.0,,,,,,,,0.0,0.0,,,,,,,0.0,0.0,,,,,,,0.0,0.0,0.0,,,,,,0.0,0.0,,,,,,,,,,,,,,,,,,,,0.0,,,,,,,,,,0.0,0.0,0,,,,,,,,0.0,,,,,,,,0.0,,,,,,,,,,,,,,,,,,,,,,,,,,,,,,,,,,,,,,0,0.,0.,0.,0,0,0,0,,,0.0,0.0,0.0,0.0,4,,,,,,,,,,,,,,,,,,,,,,,,,,,,,,,,,,,,,,,,,,,,,,,,,,,,,,,,,,,,,,,,,,,,,,,,,,,,,,,,,,,,,,,,,,,,,,,,,,,,,,,,,,,,,
2MASSJ11432669-7804454,J11432669-7804454,eps Cha 17,11h43m26.69s,-78d04m45.4s,Cha I,160,M5.5,0.14,-8.71,0.4,nan,nan,2,1,,cha-1,,,False,2,2,,0.0,0.0,,0.0,,,,,,,,,0.0,0.0,,,,,,,,,,,,,,,,,,,,,,,,,,,,,,,,,,,,,,,,,,,,,,,,,,,,,,,,,,,,,,,,,,,,,,,,,,,,,0.0,,,,,,,,,,,,,,,,,,,0.0,,,,,,,,,,0.0,,,,,,,,,,0.0,,,,0.0,,,,,,0.0,,,,,,,,,,,,,,0.0,0,,,,,,,,,,,,,,,,,,,,,,,0.0,,,,,,,,0.0,0.0,,,,,,,0.0,0.0,,,,,,,0.0,0.0,0.0,,,,,,0.0,0.0,,,,,,,,,,,,,,,,,,,,0.0,,,,,,,,,,0.0,0.0,0,,,,,,,,0.0,,,,,,,,0.0,,,,,,,,,,,,,,,,,,,,,,,,,,,,,,,,,,,,,,0,0.,0.,0.,0,0,0,0,,,0.0,0.0,0.0,0.0,1,,,,,,,,,,,,,,,,,,,,,,,,,,,,,,,,,,,,,,,,,,,,,,,,,,,,,,,,,,,,,,,,,,,,,,,,,,,,,,,,,,,,,,,,,,,,,,,,,,,,,,,,,,,,,
BP Tau,,,04h19m15.86s,+29d06m27.2s,,,,0.7,-7.5376020021010435,0.51,,,,,,monitor,2.0,8.19,True,76,76,14.49,Ximg,2RXS J041915.5+290641,931211,051,21.98,24.45,6.063711,0.0385,0.0096,634.85,64.81495,29.11145,04H19M15.58S,+29D06M41.2S,168.33321,-14.91287,67.97186,7.57783,0.672,0.517,1.37,0.750,0.389,0.028,0.330,9,1,0,0,2,0.0272,0.03247,0.04756,24.10,-0.10998,0.09992,0.10998,0.07277,0.124,-1.8703,1.9936,-0.938141,1.3300,7.1410,49.42,0.001095,0.005722,-8.0000,96.97,0.035450,3.316e-07,0.8434,1.6870,5,2,0.083960,887.8,0.0002867,13.35,0.034570,481.4,0.009129,0.000000,6.159,12.32,5,2,17.16000,133.9,3590,4.213e+05,0.047990,2.391,0.031180,5.976e-07,0.4057,0.8114,5,2,281.4850,177.5573,0.287581,0.265759,2248.15,-7105.34,600,1.0,66,0.2765,1.4907,,40.15,22.47,24.76,47.23,113.67,44.82,50.37,95.19,235.243,2.20,7.51,7.95,15.45,0,0,,0.00000,0.00000,,,,,,32,75124,14.8,64.81603,29.10743,J041915.8+290626,0.24371,0.001719,4.4434e-13,2.2876e-15,15,17260,14.5,64.81750,29.10810,J041916.2+290629,0.051060,0.002990,5646,WG201601P.N1,1,40685,9.5,64.81375,29.10903,J041915.3+290632,0.026970,0.007872,17.584,5.132544,28,652,1.000000,0.180000,0.160000,0.270000,0,0,,,,,,,0.00000,0.00000,0,0,,0.00000,0.00000,,,,,,,0,0,,0.00000,0.00000,,,,,0,0,,0.00000,0.00000,,,,0,0,,0.00000,0.00000,,,,0,0,,0.00000,0.00000,,,,0,0,,0.00000,0.00000,,,0,0,,0.00000,0.00000,,,,,,,,,,0,0,,0.00000,0.00000,,,,,,0,0,,0.00000,0.00000,,,,,,0,0,,0.00000,0.00000,,,,0,0,,0.00000,0.00000,,,,1,76139,222.2,76139,931211,54,5.68,0.0194,64.87529,29.07937,9,0,1,2681.91,-10845.69,1472.65,-3747.93,0.00082,0.00077415,0,0.03247,0.04756,-1.8703,1.9936,18,18,0,0,-0.109975,0.099922,0.109975,0.072769,,-0.938141,0.080030,0,gp,gm,gb,1,i,l,b,6742075.0,22569531.0,1990-08-18,21:54:44.7,1991-02-18,05:18:51.0,75,,,,,,,,,,,,,,,,,,,,,,,,,,,,,,,,,,,,,,,,,,,,,,,,,,,,,,,,,,,,,,,,,,,,,,,,,,,,,,,,,,,,,,,,,,,,,,,,,,,,,,,,,,,,,
CHX18N,J11114632-7620092,...,11h11m46.32s,-76d20m09.2s,Cha I,160,K2,1.25,-8.09,0.8,12.0,11.96,3,1,,cha-1,,,False,15,15,27.09,Ximg,2RXS J111138.7-762005,933108,007,62.69,36.77,6.598090,0.1272,0.0228,289.06,167.91147,-76.33486,11H11M38.75S,-76D20M05.4S,297.02188,-14.62167,235.89429,-65.67049,0.487,0.382,4.07,1.000,0.072,0.182,0.128,8,1,0,0,7,0.1563,0.15491,0.11063,71.62,-0.02088,0.32920,0.07467,0.11906,0.062,-0.021891,0.27777,-0.078811,0.8650,1.1110,0.6815,0.0008323,0.003329,-2.1280,3.895,0.126100,4.73e-12,1.5780,4.7340,6,3,2.939000,60.99,0.0009047,0.003389,0.507500,7.558,0.105400,0.000000,2.384,7.152,6,3,0.27890,1.48,0.001242,0.001537,0.305000,0.1908,0.120100,1.58e-12,1.877,5.632,6,3,272.3535,63.4647,0.188981,0.181678,1426.31,-17373.68,600,1.0,55,0.0932,1.6646,,10.09,30.96,47.65,78.61,19.68,8.63,18.00,26.63,150.391,0.00,26.45,38.25,64.71,0,0,,0.00000,0.00000,,,,,,32,178276,10.3,167.91501,-76.33759,J111139.6-762015,0.037355,0.001210,5.8323e-14,1.3055e-15,2,45413,25.6,167.94080,-76.33640,J111145.8-762011,0.033030,0.004780,1550,US200047P-1.N1,1,123739,11.0,167.91167,-76.33180,J111138.8-761954,0.125500,0.022930,35.14,6.420400,63,280,1.000000,0.070000,0.190000,0.180000,0,0,,,,,,,0.00000,0.00000,0,0,,0.00000,0.00000,,,,,,,0,0,,0.00000,0.00000,,,,,0,0,,0.00000,0.00000,,,,0,0,,0.00000,0.00000,,,,0,0,,0.00000,0.00000,,,,0,0,,0.00000,0.00000,,,0,0,,0.00000,0.00000,,,,,,,,,,0,0,,0.00000,0.00000,,,,,,0,0,,0.00000,0.00000,,,,,,0,0,,0.00000,0.00000,,,,0,0,,0.00000,0.00000,,,,0,0,,,,,,,0.00000,0.00000,,,1,-1763.39,-18524.52,5005.55,-16054.17,0.00062,0.00057325,0,0.15491,0.11063,-0.021891,0.27777,10,10,0,0,-0.020881,0.329197,0.074668,0.119062,,-0.078811,0.265544,0,gp,gm,gb,1,i,l,b,5443697.0,5870524.0,1990-08-03,21:15:06.9,1990-08-08,19:48:53.8,14,,4XMM J111146.1-762009,4XMMs J111146.1-762009,2,2,6,11 11 46.19,-76 20 09.7,0.1003822,10341.31,,1,3.70571e-13,6.358014e-15,8.693595e-14,1.747924e-15,1.205474e-13,2.141241e-15,9.62421e-14,2.789929e-15,5.558355e-14,4.825614e-15,0.266362,0.003241125,18106.48,222.4327,9053.527,143.4615,0.0,0.0,-3.235352,95021.77,72401.05,0.1030355,,0,22.2812,2.355005953474e-06,4.611116,53276.7831713,53616.60659722,,,,,,,,,,,,,,,,,,,,,,,,,,,,,,,,,,,,,,,,,,,,,,,,,,,,,,,,,,,,,,,,,,,,
CS Cha,J11022491-7733357,Sz 9,11h02m24.91s,-77d33m35.7s,Cha I,160,K2,1.4,-8.29,0.8,11.86,11.69,0,0,"COS/G130M/G160M, STIS/E230M/G140L/G230L/G430L/G750L",cha-1,,,False,17,17,3.98,Ximg,2RXS J110224.5-773331,933108,052,40.22,26.64,5.859008,0.0593,0.0131,448.96,165.60236,-77.55886,11H02M24.56S,-77D33M31.9S,297.04291,-15.95176,238.40752,-66.52672,0.000,0.000,0.00,0.874,0.113,0.080,0.154,8,1,0,0,35,0.1556,0.05159,0.08920,31.00,-0.18395,0.24317,0.18395,0.08759,0.187,0.55572,1.3328,0.416942,0.8810,8.4770,32.6,0.003423,0.01148,-8.0000,66.16,0.068160,1.037e-06,1.6770,3.3540,5,2,2.027000,123,0.0004061,0.005125,0.463900,15.02,0.067300,0.000000,0.7058,1.412,5,2,22.04000,97.36,1e+05,8.007e+06,0.045350,1.68,0.065580,1.525e-05,0.5324,1.065,5,2,310.7281,162.6820,0.151841,0.159498,4880.03,-8444.12,600,1.0,48,0.1617,1.5791,,17.83,24.27,27.69,51.96,44.46,11.49,11.05,22.54,235.243,2.99,20.44,24.00,44.44,0,0,,0.00000,0.00000,,,,,,6,174984,3.6,165.60339,-77.55984,J110224.8-773335,0.35368,0.005606,7.9025e-13,7.5091e-15,2,44780,3.3,165.60420,-77.55970,J110225.0-773335,0.070820,0.001520,31353,WG200207P.N1,1,123768,1.5,165.60416,-77.55875,J110225.0-773331,0.058720,0.012700,26.835,5.803900,50,457,1.000000,0.140000,0.070000,0.210000,0,0,,,,,,,0.00000,0.00000,0,0,,0.00000,0.00000,,,,,,,0,0,,0.00000,0.00000,,,,,0,0,,0.00000,0.00000,,,,0,0,,0.00000,0.00000,,,,0,0,,0.00000,0.00000,,,,0,0,,0.00000,0.00000,,,1,65995,6.4,165.60510,-77.56054,7700,0,0,0,0,0,65995,0.041600,0.003420,0,0,,0.00000,0.00000,,,,,,0,0,,0.00000,0.00000,,,,,,0,0,,0.00000,0.00000,,,,0,0,,0.00000,0.00000,,,,0,0,,,,,,,0.00000,0.00000,,,2,1275.87,-9623.77,8132.91,-7423.55,0.00066,0.00064037,0,0.05159,0.08920,0.55572,1.3328,14,14,0,0,-0.183952,0.243175,0.183952,0.087586,,0.416942,0.140793,0,gp,gm,gb,1,i,l,b,5691704.0,6089720.0,1990-08-06,18:08:33.8,1990-08-11,08:42:09.8,16,,4XMM J110224.7-773335,4XMMs J110224.8-773335,6,1,3,11 02 24.86,-77 33 35.4,0.08433661,49721.16,,1,9.727989e-13,1.653124e-14,4.352311e-13,6.293925e-15,2.461327e-13,4.485828e-15,1.082472e-13,5.315676e-15,5.731058e-14,1.31706e-14,0.9157737,0.009361638,12732.03,128.7273,7687.255,104.6012,0.0,0.0,-4.351562,30279.92,28439.26,0.2650699,,1,,,,52869.24517361,52869.60024306,,,,,0.3471519,2CXO J110224.8-773335,165.6034,-77.55986,0.72,FALSE,FALSE,54.94,7.845e-13,7.702e-13,7.988e-13,nan,nan,nan,FALSE,-0.3323,-0.3616,-0.3004,-0.6596,-0.6702,-0.6477,0.0,nan,nan,nan,u,6396,0,5,ACIS,3.699,122.63,39305.7,0,FALSE,54.94,nan,ACIS-6,0,1.199,0.65,166.1,nan,nan,nan,3981.0,nan,0.10923,nan,7.845e-13,7.702e-13,7.988e-13,nan,nan,nan,-0.3323,-0.3616,-0.3004,-0.6596,-0.6477,-0.6702,0.0,nan,acisfJ1101180m773244_001
CVSO-104,J05320638-0111000,...,5h32m06.49s,-1d11m00.8s,Ori OB1b,440,K7,0.77,-8.12,0.0,14.14,14.22,3,1,,orion-ob1,,,False,64,64,,0.0,0.0,,0.0,,,,,,,,,0.0,0.0,,,,,,,,,,,,,,,,,,,,,,,,,,,,,,,,,,,,,,,,,,,,,,,,,,,,,,,,,,,,,,,,,,,,,,,,,,,,,0.0,,,,,,,,,,,,,,,,,,,0.0,,,,,,,,,,0.0,,,,,,,,,,0.0,,,,0.0,,,,,,0.0,,,,,,,,,,,,,,0.0,0,,,,,,,,,,,,,,,,,,,,,,,0.0,,,,,,,,0.0,0.0,,,,,,,0.0,0.0,,,,,,,0.0,0.0,0.0,,,,,,0.0,0.0,,,,,,,,,,,,,,,,,,,,0.0,,,,,,,,,,0.0,0.0,0,,,,,,,,0.0,,,,,,,,0.0,,,,,,,,,,,,,,,,,,,,,,,,,,,,,,,,,,,,,,0,0.,0.,0.,0,0,0,0,,,0.0,0.0,0.0,0.0,63,,,,,,,,,,,,,,,,,,,,,,,,,,,,,,,,,,,,,,,,,,,,,,,,,,,,,,,,,,,,,,,,,,,,,,,,,,,,,,,,,,,,,,,,,,,,,,,,,,,,,,,,,,,,,
CVSO-107,J05322578-0036533,...,5h32m25.79s,-0d36m53.4s,Ori OB1b,440,K7,0.77,-7.96,0.32,14.4,14.78,4,1,,orion-ob1,,,False,65,65,,0.0,0.0,,0.0,,,,,,,,,0.0,0.0,,,,,,,,,,,,,,,,,,,,,,,,,,,,,,,,,,,,,,,,,,,,,,,,,,,,,,,,,,,,,,,,,,,,,,,,,,,,,0.0,,,,,,,,,,,,,,,,,,,0.0,,,,,,,,,,0.0,,,,,,,,,,0.0,,,,0.0,,,,,,0.0,,,,,,,,,,,,,,0.0,0,,,,,,,,,,,,,,,,,,,,,,,0.0,,,,,,,,0.0,0.0,,,,,,,0.0,0.0,,,,,,,0.0,0.0,0.0,,,,,,0.0,0.0,,,,,,,,,,,,,,,,,,,,0.0,,,,,,,,,,0.0,0.0,0,,,,,,,,0.0,,,,,,,,0.0,,,,,,,,,,,,,,,,,,,,,,,,,,,,,,,,,,,,,,0,0.,0.,0.,0,0,0,0,,,0.0,0.0,0.0,0.0,64,,,,,,,,,,,,,,,,,,,,,,,,,,,,,,,,,,,,,,,,,,,,,,,,,,,,,,,,,,,,,,,,,,,,,,,,,,,,,,,,,,,,,,,,,,,,,,,,,,,,,,,,,,,,,
CVSO-109,J05323265-0113461,V462 Ori,5h32m32.66s,-1d13m46.1s,Ori OB1b,440,M0,0.56,-7.6,0.0,13.62,13.97,1,1,COS/G160M,orion-ob1,,,False,63,63,,0.0,0.0,,0.0,,,,,,,,,0.0,0.0,,,,,,,,,,,,,,,,,,,,,,,,,,,,,,,,,,,,,,,,,,,,,,,,,,,,,,,,,,,,,,,,,,,,,,,,,,,,,0.0,,,,,,,,,,,,,,,,,,,0.0,,,,,,,,,,0.0,,,,,,,,,,0.0,,,,0.0,,,,,,0.0,,,,,,,,,,,,,,0.0,0,,,,,,,,,,,,,,,,,,,,,,,0.0,,,,,,,,0.0,0.0,,,,,,,0.0,0.0,,,,,,,0.0,0.0,0.0,,,,,,0.0,0.0,,,,,,,,,,,,,,,,,,,,0.0,,,,,,,,,,0.0,0.0,0,,,,,,,,0.0,,,,,,,,0.0,,,,,,,,,,,,,,,,,,,,,,,,,,,,,,,,,,,,,,0,0.,0.,0.,0,0,0,0,,,0.0,0.0,0.0,0.0,62,,,,,,,,,,,,,,,,,,,,,,,,,,,,,,,,,,,,,,,,,,,,,,,,,,,,,,,,,,,,,,,,,,,,,,,,,,,,,,,,,,,,,,,,,,,,,,,,,,,,,,,,,,,,,
CVSO-146,J05354600-0057522,V499 Ori,5h35m46.01s,-0d57m52.2s,Ori OB1b,440,K6,0.92,-8.06,0.1,13.7,14.01,3,1,,orion-ob1,,,False,69,69,,0.0,0.0,,0.0,,,,,,,,,0.0,0.0,,,,,,,,,,,,,,,,,,,,,,,,,,,,,,,,,,,,,,,,,,,,,,,,,,,,,,,,,,,,,,,,,,,,,,,,,,,,,0.0,,,,,,,,,,,,,,,,,,,0.0,,,,,,,,,,0.0,,,,,,,,,,0.0,,,,0.0,,,,,,0.0,,,,,,,,,,,,,,0.0,0,,,,,,,,,,,,,,,,,,,,,,,0.0,,,,,,,,0.0,0.0,,,,,,,0.0,0.0,,,,,,,0.0,0.0,0.0,,,,,,0.0,0.0,,,,,,,,,,,,,,,,,,,,0.0,,,,,,,,,,0.0,0.0,0,,,,,,,,0.0,,,,,,,,0.0,,,,,,,,,,,,,,,,,,,,,,,,,,,,,,,,,,,,,,0,0.,0.,0.,0,0,0,0,,,0.0,0.0,0.0,0.0,68,,,,,,,,,,,,,,,,,,,,,,,,,,,,,,,,,,,,,,,,,,,,,,,,,,,,,,,,,,,,,,,,,,,,,,,,,,,,,,,,,,,,,,,,,,,,,,,,,,,,,,,,,,,,,
CVSO-165,J05390257-0120323,...,5h39m02.57s,-1d20m32.3s,Ori OB1b,440,K6,0.91,-8.43,0.0,14.13,13.68,4,1,,orion-ob1,,,False,68,68,,0.0,0.0,,0.0,,,,,,,,,0.0,0.0,,,,,,,,,,,,,,,,,,,,,,,,,,,,,,,,,,,,,,,,,,,,,,,,,,,,,,,,,,,,,,,,,,,,,,,,,,,,,0.0,,,,,,,,,,,,,,,,,,,0.0,,,,,,,,,,0.0,,,,,,,,,,0.0,,,,0.0,,,,,,0.0,,,,,,,,,,,,,,0.0,0,,,,,,,,,,,,,,,,,,,,,,,0.0,,,,,,,,0.0,0.0,,,,,,,0.0,0.0,,,,,,,0.0,0.0,0.0,,,,,,0.0,0.0,,,,,,,,,,,,,,,,,,,,0.0,,,,,,,,,,0.0,0.0,0,,,,,,,,0.0,,,,,,,,0.0,,,,,,,,,,,,,,,,,,,,,,,,,,,,,,,,,,,,,,0,0.,0.,0.,0,0,0,0,,,0.0,0.0,0.0,0.0,67,,,,,,,,,,,,,,,,,,,,,,,,,,,,,,,,,,,,,,,,,,,,,,,,,,,,,,,,,,,,,,,,,,,,,,,,,,,,,,,,,,,,,,,,,,,,,,,,,,,,,,,,,,,,,
CVSO-17,J05230470+0137148,...,5h23m04.72s,1d37m15.3s,Ori OB1a,330,M3,0.33,-9.22,0.0,16.52,16.16,6,1,,orion-ob1,,,False,60,60,,0.0,0.0,,0.0,,,,,,,,,0.0,0.0,,,,,,,,,,,,,,,,,,,,,,,,,,,,,,,,,,,,,,,,,,,,,,,,,,,,,,,,,,,,,,,,,,,,,,,,,,,,,0.0,,,,,,,,,,,,,,,,,,,0.0,,,,,,,,,,0.0,,,,,,,,,,0.0,,,,0.0,,,,,,0.0,,,,,,,,,,,,,,0.0,0,,,,,,,,,,,,,,,,,,,,,,,0.0,,,,,,,,0.0,0.0,,,,,,,0.0,0.0,,,,,,,0.0,0.0,0.0,,,,,,0.0,0.0,,,,,,,,,,,,,,,,,,,,0.0,,,,,,,,,,0.0,0.0,0,,,,,,,,0.0,,,,,,,,0.0,,,,,,,,,,,,,,,,,,,,,,,,,,,,,,,,,,,,,,0,0.,0.,0.,0,0,0,0,,,0.0,0.0,0.0,0.0,59,,,,,,,,,,,,,,,,,,,,,,,,,,,,,,,,,,,,,,,,,,,,,,,,,,,,,,,,,,,,,,,,,,,,,,,,,,,,,,,,,,,,,,,,,,,,,,,,,,,,,,,,,,,,,
CVSO-176,J05402414-0031213,V609 Ori,5h40m24.15s,-0d31m21.3s,Ori OB1b,440,M3,0.35,-8.37,0.0,15.3,15.65,4,1,,orion-ob1,,,False,62,62,,0.0,0.0,,0.0,,,,,,,,,0.0,0.0,,,,,,,,,,,,,,,,,,,,,,,,,,,,,,,,,,,,,,,,,,,,,,,,,,,,,,,,,,,,,,,,,,,,,,,,,,,,,0.0,,,,,,,,,,,,,,,,,,,0.0,,,,,,,,,,0.0,,,,,,,,,,0.0,,,,0.0,,,,,,0.0,,,,,,,,,,,,,,0.0,0,,,,,,,,,,,,,,,,,,,,,,,0.0,,,,,,,,0.0,0.0,,,,,,,0.0,0.0,,,,,,,0.0,0.0,0.0,,,,,,0.0,0.0,,,,,,,,,,,,,,,,,,,,0.0,,,,,,,,,,0.0,0.0,0,,,,,,,,0.0,,,,,,,,0.0,,,,,,,,,,,,,,,,,,,,,,,,,,,,,,,,,,,,,,0,0.,0.,0.,0,0,0,0,,,0.0,0.0,0.0,0.0,61,,,,,,,,,,,,,,,,,,,,,,,,,,,,,,,,,,,,,,,,,,,,,,,,,,,,,,,,,,,,,,,,,,,,,,,,,,,,,,,,,,,,,,,,,,,,,,,,,,,,,,,,,,,,,
CVSO-36,J05255035+0149370,...,5h25m50.37s,1d49m37.3s,Ori OB1a,330,M3,0.34,-8.44,0.0,15.95,16.07,3,1,,orion-ob1,,,False,61,61,,0.0,0.0,,0.0,,,,,,,,,0.0,0.0,,,,,,,,,,,,,,,,,,,,,,,,,,,,,,,,,,,,,,,,,,,,,,,,,,,,,,,,,,,,,,,,,,,,,,,,,,,,,0.0,,,,,,,,,,,,,,,,,,,0.0,,,,,,,,,,0.0,,,,,,,,,,0.0,,,,0.0,,,,,,0.0,,,,,,,,,,,,,,0.0,0,,,,,,,,,,,,,,,,,,,,,,,0.0,,,,,,,,0.0,0.0,,,,,,,0.0,0.0,,,,,,,0.0,0.0,0.0,,,,,,0.0,0.0,,,,,,,,,,,,,,,,,,,,0.0,,,,,,,,,,0.0,0.0,0,,,,,,,,0.0,,,,,,,,0.0,,,,,,,,,,,,,,,,,,,,,,,,,,,,,,,,,,,,,,0,0.,0.,0.,0,0,0,0,,,0.0,0.0,0.0,0.0,60,,,,,,,,,,,,,,,,,,,,,,,,,,,,,,,,,,,,,,,,,,,,,,0.2562714,2CXO J052550.3+014937,81.4598,1.827025,0.76,FALSE,FALSE,9.03,5.167e-14,4.577e-14,5.756e-14,nan,nan,nan,FALSE,-0.3111,-0.554,-0.0618,-0.7633,-0.8239,-0.6952,0.0,nan,nan,nan,u,8572,0,16,ACIS,3.995,46.64,9336.3,0,FALSE,9.03,nan,ACIS-7,0,1.443,0.58,120.3,nan,nan,nan,101.0,-999.0,0.01138,nan,5.167e-14,4.577e-14,5.756e-14,nan,nan,nan,-0.3111,-0.554,-0.0618,-0.7633,-0.6952,-0.8239,0.0,nan,acisfJ0525469p014543_001
CVSO-58,J05292326-0125153,...,5h29m23.26s,-1d25m15.5s,Ori OB1b,440,K7,0.78,-8.35,0.12,14.63,14.93,5,1,COS/G160M,orion-ob1,,,False,66,66,,0.0,0.0,,0.0,,,,,,,,,0.0,0.0,,,,,,,,,,,,,,,,,,,,,,,,,,,,,,,,,,,,,,,,,,,,,,,,,,,,,,,,,,,,,,,,,,,,,,,,,,,,,0.0,,,,,,,,,,,,,,,,,,,0.0,,,,,,,,,,0.0,,,,,,,,,,0.0,,,,0.0,,,,,,0.0,,,,,,,,,,,,,,0.0,0,,,,,,,,,,,,,,,,,,,,,,,0.0,,,,,,,,0.0,0.0,,,,,,,0.0,0.0,,,,,,,0.0,0.0,0.0,,,,,,0.0,0.0,,,,,,,,,,,,,,,,,,,,0.0,,,,,,,,,,0.0,0.0,0,,,,,,,,0.0,,,,,,,,0.0,,,,,,,,,,,,,,,,,,,,,,,,,,,,,,,,,,,,,,0,0.,0.,0.,0,0,0,0,,,0.0,0.0,0.0,0.0,65,,,,,,,,,,,,,,,,,,,,,,,,,,,,,,,,,,,,,,,,,,,,,,,,,,,,,,,,,,,,,,,,,,,,,,,,,,,,,,,,,,,,,,,,,,,,,,,,,,,,,,,,,,,,,
CVSO-90,J05312062-0049197,...,5h31m20.63s,-0d49m19.8s,Ori OB1b,440,K7,0.79,-7.75,0.0,13.64,14.61,2,1,,orion-ob1,,,False,67,67,,0.0,0.0,,0.0,,,,,,,,,0.0,0.0,,,,,,,,,,,,,,,,,,,,,,,,,,,,,,,,,,,,,,,,,,,,,,,,,,,,,,,,,,,,,,,,,,,,,,,,,,,,,0.0,,,,,,,,,,,,,,,,,,,0.0,,,,,,,,,,0.0,,,,,,,,,,0.0,,,,0.0,,,,,,0.0,,,,,,,,,,,,,,0.0,0,,,,,,,,,,,,,,,,,,,,,,,0.0,,,,,,,,0.0,0.0,,,,,,,0.0,0.0,,,,,,,0.0,0.0,0.0,,,,,,0.0,0.0,,,,,,,,,,,,,,,,,,,,0.0,,,,,,,,,,0.0,0.0,0,,,,,,,,0.0,,,,,,,,0.0,,,,,,,,,,,,,,,,,,,,,,,,,,,,,,,,,,,,,,0,0.,0.,0.,0,0,0,0,,,0.0,0.0,0.0,0.0,66,,,,,,,,,,,,,,,,,,,,,,,,,,,,,,,,,,,,,,,,,,,,,,,,,,,,,,,,,,,,,,,,,,,,,,,,,,,,,,,,,,,,,,,,,,,,,,,,,,,,,,,,,,,,,
Cha Halpha6,J11083952-7734166,HQ Cha,11h08m39.52s,-77d34m16.6s,Cha I,160,M6.5,0.1,-10.25,0.1,20.78,19.75,11,1,,cha-1,,,False,1,1,,0.0,0.0,,0.0,,,,,,,,,0.0,0.0,,,,,,,,,,,,,,,,,,,,,,,,,,,,,,,,,,,,,,,,,,,,,,,,,,,,,,,,,,,,,,,,,,,,,,,,,,,,,0.0,,,,,,,,,,,,,,,,,,,0.0,,,,,,,,,,0.0,,,,,,,,,,0.0,,,,0.0,,,,,,0.0,,,,,,,,,,,,,,0.0,0,,,,,,,,,,,,,,,,,,,,,,,0.0,,,,,,,,0.0,0.0,,,,,,,0.0,0.0,,,,,,,0.0,0.0,0.0,,,,,,0.0,0.0,,,,,,,,,,,,,,,,,,,,0.0,,,,,,,,,,0.0,0.0,0,,,,,,,,0.0,,,,,,,,0.0,,,,,,,,,,,,,,,,,,,,,,,,,,,,,,,,,,,,,,0,0.,0.,0.,0,0,0,0,,,0.0,0.0,0.0,0.0,0,,4XMM J110839.1-773417,4XMMs J110839.4-773418,6,1,3,11 08 39.41,-77 34 17.9,1.386082,24.98126,,1,4.206021e-15,2.768459e-15,1.932455e-15,4.955144e-16,5.69866e-16,3.691125e-16,3.505939e-16,5.9837e-16,3.8849e-16,2.571779e-15,0.004128405,0.0008993944,48.26311,10.05342,24.28959,7.362252,0.0,0.0,-0.8499851,17841.19,12849.98,0.001164366,,1,,,,52373.40770833,52373.79434028,,,,,,,,,,,,,,,,,,,,,,,,,,,,,,,,,,,,,,,,,,,,,,,,,,,,,,,,,,,,,,,,,,,,
ECHA J0843.3-7915,J08431857-7905181,ET Cha,8h43m17.24s,-79d05m16.74s,eta Cha,94,M4.0,0.2,-9.12,0.0,14.26,13.97,0,0,"COS/G130M/G160M, STIS/E230M/G230L/G430L",eta-cha,,,False,25,25,,0.0,0.0,,0.0,,,,,,,,,0.0,0.0,,,,,,,,,,,,,,,,,,,,,,,,,,,,,,,,,,,,,,,,,,,,,,,,,,,,,,,,,,,,,,,,,,,,,,,,,,,,,0.0,,,,,,,,,,,,,,,,,,,0.0,,,,,,,,,,0.0,,,,,,,,,,0.0,,,,0.0,,,,,,0.0,,,,,,,,,,,,,,0.0,0,,,,,,,,,,,,,,,,,,,,,,,0.0,,,,,,,,0.0,0.0,,,,,,,0.0,0.0,,,,,,,0.0,0.0,0.0,,,,,,0.0,0.0,,,,,,,,,,,,,,,,,,,,0.0,,,,,,,,,,0.0,0.0,0,,,,,,,,0.0,,,,,,,,0.0,,,,,,,,,,,,,,,,,,,,,,,,,,,,,,,,,,,,,,0,0.,0.,0.,0,0,0,0,,,0.0,0.0,0.0,0.0,24,,4XMM J084318.2-790519,4XMMs J084318.2-790519,2,1,2,08 43 18.26,-79 05 19.8,0.6211061,190.0451,,1,4.545424e-14,7.300631e-15,8.221179e-15,9.267174e-16,8.804353e-15,9.385134e-16,7.057844e-15,1.372853e-15,1.973445e-14,7.000123e-15,0.01634487,0.001181447,477.6534,33.75844,357.2228,28.89204,0.0,0.0,1.446747,47993.89,46389.5,0.005920141,,1,,,,54985.32440972,54985.88027778,,,,,,,,,,,,,,,,,,,,,,,,,,,,,,,,,,,,,,,,,,,,,,,,,,,,,,,,,,,,,,,,,,,,
ECHA J0844.2-7833,J08440914-7833457,RECX 16,8h44m08.61s,-78d33m45.25s,eta Cha,94,M6.0,0.052,-10.18,0.0,19.34,18.4,3,1,,eta-cha,,,False,20,20,,0.0,0.0,,0.0,,,,,,,,,0.0,0.0,,,,,,,,,,,,,,,,,,,,,,,,,,,,,,,,,,,,,,,,,,,,,,,,,,,,,,,,,,,,,,,,,,,,,,,,,,,,,0.0,,,,,,,,,,,,,,,,,,,0.0,,,,,,,,,,0.0,,,,,,,,,,0.0,,,,0.0,,,,,,0.0,,,,,,,,,,,,,,0.0,0,,,,,,,,,,,,,,,,,,,,,,,0.0,,,,,,,,0.0,0.0,,,,,,,0.0,0.0,,,,,,,0.0,0.0,0.0,,,,,,0.0,0.0,,,,,,,,,,,,,,,,,,,,0.0,,,,,,,,,,0.0,0.0,0,,,,,,,,0.0,,,,,,,,0.0,,,,,,,,,,,,,,,,,,,,,,,,,,,,,,,,,,,,,,0,0.,0.,0.,0,0,0,0,,,0.0,0.0,0.0,0.0,19,,,,,,,,,,,,,,,,,,,,,,,,,,,,,,,,,,,,,,,,,,,,,,,,,,,,,,,,,,,,,,,,,,,,,,,,,,,,,,,,,,,,,,,,,,,,,,,,,,,,,,,,,,,,,
GM Aur,,,04h55m10.98s,+30d21m59.1s,,,,0.7,-8.017728766960431,0.31,,,,,,monitor,1.8,6.1,False,77,77,,0.0,0.0,,0.0,,,,,,,,,0.0,0.0,,,,,,,,,,,,,,,,,,,,,,,,,,,,,,,,,,,,,,,,,,,,,,,,,,,,,,,,,,,,,,,,,,,,,,,,,,,,,0.0,,,,,,,,,,,,,,,,,,,0.0,,,,,,,,,,0.0,,,,,,,,,,0.0,,,,0.0,,,,,,0.0,,,,,,,,,,,,,,0.0,0,,,,,,,,,,,,,,,,,,,,,,,0.0,,,,,,,,0.0,0.0,,,,,,,0.0,0.0,,,,,,,0.0,0.0,0.0,,,,,,0.0,0.0,,,,,,,,,,,,,,,,,,,,0.0,,,,,,,,,,0.0,0.0,0,,,,,,,,0.0,,,,,,,,0.0,,,,,,,,,,,,,,,,,,,,,,,,,,,,,,,,,,,,,,0,0.,0.,0.,0,0,0,0,,,0.0,0.0,0.0,0.0,76,,4XMM J045510.9+302159,4XMMs J045510.9+302159,3,2,4,04 55 10.97,+30 21 59.3,0.1317385,14252.01,,1,2.56335e-13,8.539431e-15,8.722207e-14,1.951474e-15,6.42653e-14,1.726339e-15,5.331374e-14,2.673491e-15,3.406165e-14,7.61177e-15,0.1875806,0.003034043,5029.949,78.25596,2667.936,55.8426,0.0,0.0,-3.492188,130759.5,35534.92,0.05520279,,1,439.5802,1.335995315435e-97,16.7414,55620.00461806,55974.0552662,,,,,0.02129442,2CXO J045510.9+302159,73.79575,30.36641,0.71,FALSE,FALSE,109.16,3.585e-13,3.485e-13,3.686e-13,nan,nan,nan,FALSE,-0.3335,-0.3841,-0.2829,-0.5921,-0.614,-0.569,0.0,nan,nan,nan,u,8940,0,7,ACIS,0.289,326.86,19202.1,1,FALSE,nan,nan,ACIS-7,0,0.266,0.251,154.8,nan,nan,nan,1523.0,nan,nan,nan,3.585e-13,3.485e-13,3.686e-13,nan,nan,nan,-0.3335,-0.3841,-0.2829,-0.5921,-0.569,-0.614,0.0,nan,acisfJ0455109p302158_001
Hn17,J11124861-7647066,...,11h12m48.61s,-76d47m06.6s,Cha I,160,M4.5,0.2,-9.71,0.4,17.2,16.35,9,1,,cha-1,,,False,7,7,,0.0,0.0,,0.0,,,,,,,,,0.0,0.0,,,,,,,,,,,,,,,,,,,,,,,,,,,,,,,,,,,,,,,,,,,,,,,,,,,,,,,,,,,,,,,,,,,,,,,,,,,,,0.0,,,,,,,,,,,,,,,,,,,0.0,,,,,,,,,,0.0,,,,,,,,,,0.0,,,,0.0,,,,,,0.0,,,,,,,,,,,,,,0.0,0,,,,,,,,,,,,,,,,,,,,,,,0.0,,,,,,,,0.0,0.0,,,,,,,0.0,0.0,,,,,,,0.0,0.0,0.0,,,,,,0.0,0.0,,,,,,,,,,,,,,,,,,,,0.0,,,,,,,,,,0.0,0.0,0,,,,,,,,0.0,,,,,,,,0.0,,,,,,,,,,,,,,,,,,,,,,,,,,,,,,,,,,,,,,0,0.,0.,0.,0,0,0,0,,,0.0,0.0,0.0,0.0,6,,,,,,,,,,,,,,,,,,,,,,,,,,,,,,,,,,,,,,,,,,,,,,1.139616,2CXO J111248.9-764706,168.2038,-76.78504,5.01,FALSE,FALSE,10.36,2.629e-14,1.739e-14,3.518e-14,nan,nan,nan,FALSE,-0.471,-0.7514,-0.218,-0.5871,-0.6465,-0.5253,6.0,nan,nan,nan,u,1867,0,120,ACIS,15.493,115.63,66292.1,7,FALSE,10.08,nan,ACIS-6,0,16.584,8.434,47.2,nan,nan,nan,553.0,nan,0.0040974,nan,2.629e-14,1.739e-14,3.518e-14,nan,nan,nan,-0.471,-0.7514,-0.218,-0.5871,-0.5253,-0.6465,6.0,nan,acisfJ1110081m763440_001
Hn5,J11064180-7635489,GX Cha,11h06m41.8s,-76d35m48.9s,Cha I,160,M5,0.16,-9.28,0.0,nan,nan,2,1,,cha-1,,,False,3,3,,0.0,0.0,,0.0,,,,,,,,,0.0,0.0,,,,,,,,,,,,,,,,,,,,,,,,,,,,,,,,,,,,,,,,,,,,,,,,,,,,,,,,,,,,,,,,,,,,,,,,,,,,,0.0,,,,,,,,,,,,,,,,,,,0.0,,,,,,,,,,0.0,,,,,,,,,,0.0,,,,0.0,,,,,,0.0,,,,,,,,,,,,,,0.0,0,,,,,,,,,,,,,,,,,,,,,,,0.0,,,,,,,,0.0,0.0,,,,,,,0.0,0.0,,,,,,,0.0,0.0,0.0,,,,,,0.0,0.0,,,,,,,,,,,,,,,,,,,,0.0,,,,,,,,,,0.0,0.0,0,,,,,,,,0.0,,,,,,,,0.0,,,,,,,,,,,,,,,,,,,,,,,,,,,,,,,,,,,,,,0,0.,0.,0.,0,0,0,0,,,0.0,0.0,0.0,0.0,2,,,,,,,,,,,,,,,,,,,,,,,,,,,,,,,,,,,,,,,,,,,,,,,,,,,,,,,,,,,,,,,,,,,,,,,,,,,,,,,,,,,,,,,,,,,,,,,,,,,,,,,,,,,,,
MY Lup,J16004452-4155310,MJS2008-150,16h00m44.53s,-41d55m31.2s,Lupus IV,150,K0,1.06,-9.67,1.3,13.42,12.17,0,0,"COS/G130M/G140L/G160M, STIS/G230L/G430L",lupus,,,False,56,56,,0.0,0.0,,0.0,,,,,,,,,0.0,0.0,,,,,,,,,,,,,,,,,,,,,,,,,,,,,,,,,,,,,,,,,,,,,,,,,,,,,,,,,,,,,,,,,,,,,,,,,,,,,0.0,,,,,,,,,,,,,,,,,,,0.0,,,,,,,,,,0.0,,,,,,,,,,0.0,,,,0.0,,,,,,0.0,,,,,,,,,,,,,,0.0,0,,,,,,,,,,,,,,,,,,,,,,,0.0,,,,,,,,0.0,0.0,,,,,,,0.0,0.0,,,,,,,0.0,0.0,0.0,,,,,,0.0,0.0,,,,,,,,,,,,,,,,,,,,0.0,,,,,,,,,,0.0,0.0,0,,,,,,,,0.0,,,,,,,,0.0,,,,,,,,,,,,,,,,,,,,,,,,,,,,,,,,,,,,,,0,0.,0.,0.,0,0,0,0,,,0.0,0.0,0.0,0.0,55,,,,,,,,,,,,,,,,,,,,,,,,,,,,,,,,,,,,,,,,,,,,,,,,,,,,,,,,,,,,,,,,,,,,,,,,,,,,,,,,,,,,,,,,,,,,,,,,,,,,,,,,,,,,,
RECX 1,J08365623-7856454,EG Cha,8h36m55.77s,-78d56m45.71s,eta Cha,94,K6.0,0.75,-9.12,0.0,10.75,10.457,0,0,"COS/G130M/G160M, STIS/E230M/G230L/G430L",eta-cha,,,False,26,26,6.17,Ximg,2RXS J083657.1-785641,933106,064,842.88,319.24,18.597670,0.4610,0.0269,692.43,129.23830,-78.94475,08H36M57.19S,-78D56M41.1S,292.26898,-21.82015,244.48540,-73.64462,0.243,0.168,3.76,-0.090,0.049,-0.006,0.073,9,1,0,0,9,0.3036,0.38993,0.16566,438.20,0.02416,0.64231,0.18475,0.12985,0.062,0.05424,0.067249,0.806551,0.7160,0.3226,0.1719,0.001066,0.0001965,-2.8010,0.4518,0.440200,1.252e-11,1.1110,27.7900,28,25,0.001000,0.01438,0.001211,0.0002975,0.702500,0.1,0.383300,0.000000,1.724,43.09,28,25,0.00100,0.05872,0.004789,0.001527,0.170900,0.01445,0.427500,3.511e-12,0.8371,20.93,28,25,172.4416,276.0367,0.046008,0.046257,-7565.76,1757.81,600,1.0,381,0.4346,1.4275,,295.21,122.77,120.53,243.30,159.87,63.78,60.50,124.28,235.243,241.84,101.48,100.33,201.81,2,18598,4.5,129.23684,-78.94596,J083656.8-785646,2.496060,0.432349,2.411120,0.435553,21,134466,5.3,129.23420,-78.94601,J083656.2-785645,1.3498,0.006461,2.8627e-12,1.0131e-14,0,0,,0.00000,0.00000,,,,,,1,123613,2.8,129.23625,-78.94542,J083656.7-785643,0.403800,0.045750,270.55,30.652500,183,670,0.010000,0.110000,0.040000,0.150000,0,0,,,,,,,0.00000,0.00000,1,2512744,5.4,129.23423,-78.94602,2512714,10.639,12.218,9402,921,1,0,0,,0.00000,0.00000,,,,,0,0,,0.00000,0.00000,,,,0,0,,0.00000,0.00000,,,,0,0,,0.00000,0.00000,,,,0,0,,0.00000,0.00000,,,1,51354,6.8,129.23364,-78.94643,500,0,0,0,0,-1,51354,0.111000,0.016700,0,0,,0.00000,0.00000,,,,,,0,0,,0.00000,0.00000,,,,,,0,0,,0.00000,0.00000,,,,0,0,,0.00000,0.00000,,,,0,0,,,,,,,0.00000,0.00000,,,2,-10873.24,3865.26,-4772.27,41.71,0.001,0.0011157,0,0.38993,0.16566,0.05424,0.067249,24,24,0,0,0.000000,0.642315,0.000000,0.129846,,0.806551,0.555595,1,gp,gm,gb,1,i,l,b,6147289.0,22544655.0,1990-08-12,00:41:38.8,1991-02-17,22:24:15.0,25,,4XMM J083656.2-785645,4XMMs J083656.2-785645,2,1,3,08 36 56.23,-78 56 45.7,0.034382,415785.9,,1,3.728461e-12,2.223468e-14,1.371815e-12,8.836886e-15,9.292057e-13,7.781574e-15,5.352522e-13,8.980949e-15,2.794897e-13,1.221044e-14,3.245574,0.01663013,91859.38,456.5323,53382.3,354.9221,0.0,0.0,-5.40625,39936.44,28078.74,1.01213,,1,,,,55564.63601852,55565.09930556,,,,,,,,,,,,,,,,,,,,,,,,,,,,,,,,,,,,,,,,,,,,,,,,,,,,,,,,,,,,,,,,,,,,
RECX 11,J08470165-7859345,EP Cha,8h47m01.25s,-78d59m34.02s,eta Cha,94,K6.0,0.83,-9.7,0.0,11.75,11.1,0,0,"COS/G130M/G160M, STIS/E230M/G230L/G430L",eta-cha,,,False,27,27,6.09,Ximg,2RXS J084659.6-785938,933106,069,74.64,55.60,8.588540,0.0752,0.0116,739.47,131.74873,-78.99394,08H46M59.69S,-78D59M38.1S,292.58752,-21.43882,243.92534,-73.18904,0.321,0.276,1.68,0.575,0.109,0.108,0.115,2,1,0,0,24,0.2096,0.08889,0.10754,96.58,-0.20740,0.31930,0.16589,0.15126,0.140,0.23739,0.53846,0.440871,0.8460,0.7454,0.8385,0.0004223,0.0001721,-2.9470,1.828,0.088830,6.058e-12,0.3871,2.7090,10,7,0.082240,0.1854,0.0003517,0.0002479,0.733400,0.2575,0.080090,0.000000,0.9362,6.554,10,7,0.12380,0.3827,0.001127,0.000987,0.204200,0.06018,0.087160,9.892e-13,0.4354,3.048,10,7,134.7374,284.3697,0.135332,0.124780,-10959.14,2507.77,600,1.0,130,0.3959,1.5697,,83.06,55.03,63.12,118.15,126.85,34.30,31.46,65.76,167.318,23.52,38.93,48.35,87.29,5,14255,4.3,131.74831,-78.99275,J084659.5-785934,1.565410,0.498145,1.107030,0.297959,13,137354,6.6,131.75702,-78.99302,J084701.6-785934,1.0218,0.009641,1.9292e-12,1.0621e-14,0,0,,0.00000,0.00000,,,,,,1,123617,1.2,131.74709,-78.99403,J084659.3-785938,0.074040,0.011720,54.568,8.637640,88,737,0.590000,0.130000,0.170000,0.160000,0,0,,,,,,,0.00000,0.00000,0,0,,0.00000,0.00000,,,,,,,0,0,,0.00000,0.00000,,,,,0,0,,0.00000,0.00000,,,,0,0,,0.00000,0.00000,,,,0,0,,0.00000,0.00000,,,,0,0,,0.00000,0.00000,,,0,0,,0.00000,0.00000,,,,,,,,,,0,0,,0.00000,0.00000,,,,,,0,0,,0.00000,0.00000,,,,,,0,0,,0.00000,0.00000,,,,0,0,,0.00000,0.00000,,,,2,216108,328.5,216108,933106,66,161.31,0.1305,131.98134,-78.91432,2,0,1,-13990.54,4302.43,-7851.32,540.58,0.00098,0.00095175,0,0.08889,0.10754,0.23739,0.53846,24,24,0,0,-0.207398,0.319299,0.165887,0.151257,,0.440871,0.196428,1,gp,gm,gb,1,i,l,b,6118422.0,22464009.0,1990-08-11,16:40:31.8,1991-02-17,00:00:09.0,26,,4XMM J084701.5-785935,4XMMs J084701.6-785935,2,1,3,08 47 01.60,-78 59 35.4,0.0500105,155269.4,,1,2.788107e-12,3.083486e-14,9.45115e-13,1.085846e-14,6.997027e-13,1.01612e-14,4.382101e-13,8.487174e-15,4.120163e-13,2.377601e-14,1.818108,0.01521066,40632.29,331.8673,24176.3,285.2909,0.0,0.0,-4.90625,48014.8,46389.86,0.5340281,,1,,,,54985.32440972,54985.88027778,,,,,,,,,,,,,,,,,,,,,,,,,,,,,,,,,,,,,,,,,,,,,,,,,,,,,,,,,,,,,,,,,,,,
RECX 12,J08475676-7854532,EQ Cha,8h47m55.72s,-78d54m52.74s,eta Cha,94,M3.25,0.29,-9.8,0.0,13.99,13.28,4,1,,eta-cha,,,False,24,24,1.34,Ximg,2RXS J084755.5-785451,933106,066,161.31,99.24,11.052492,0.1305,0.0145,760.38,131.98134,-78.91432,08H47M55.52S,-78D54M51.5S,292.54230,-21.35787,243.61159,-73.17978,0.249,0.270,0.50,-0.020,0.080,0.267,0.111,2,1,0,0,20,0.2170,0.13856,0.10967,157.74,-0.05624,0.31280,0.05624,0.09583,0.094,0.051696,0.24479,0.211187,0.8460,0.3054,0.3645,0.0003884,0.0001397,-2.6070,1.01,0.145400,3.571e-12,1.0630,9.5670,12,9,0.001574,0.04428,0.0008502,0.0006898,1.488000,1.242,0.145900,0.000000,1.295,11.65,12,9,0.00100,0.1273,0.001576,0.001039,0.173500,0.03033,0.141800,1.174e-12,0.98,8.82,12,9,130.3253,278.5557,0.099382,0.099575,-11356.22,1984.51,600,1.0,171,0.4035,1.4886,,140.45,51.25,66.85,118.10,105.24,40.99,22.48,63.47,175.130,93.25,32.87,56.77,89.64,7,8658,3.5,131.98432,-78.91510,J084756.2-785454,1.146760,0.293156,0.866920,0.236193,13,137676,4.0,131.98695,-78.91461,J084756.8-785452,0.50418,0.011863,1.0657e-12,1.3931e-14,0,0,,0.00000,0.00000,,,,,,1,123614,0.9,131.98250,-78.91444,J084755.8-785452,0.119100,0.013550,90.992,10.352201,151,764,-0.080000,0.120000,0.170000,0.160000,0,0,,,,,,,0.00000,0.00000,0,0,,0.00000,0.00000,,,,,,,0,0,,0.00000,0.00000,,,,,0,0,,0.00000,0.00000,,,,0,0,,0.00000,0.00000,,,,0,0,,0.00000,0.00000,,,,0,0,,0.00000,0.00000,,,0,0,,0.00000,0.00000,,,,,,,,,,0,0,,0.00000,0.00000,,,,,,0,0,,0.00000,0.00000,,,,,,0,0,,0.00000,0.00000,,,,0,0,,0.00000,0.00000,,,,2,216107,1.8,216107,933106,65,153.16,0.1210,131.98260,-78.91388,2,0,1,-14324.76,3753.92,-8166.79,22.90,0.00094,0.0009433,0,0.13856,0.10967,0.051696,0.24479,27,27,0,0,-0.056243,0.312802,0.056243,0.095834,,0.211187,0.248232,1,gp,gm,gb,1,i,l,b,6118419.0,22458246.0,1990-08-11,16:40:28.8,1991-02-16,22:24:06.0,23,,4XMM J084756.7-785453,4XMMs J084756.9-785453,2,1,3,08 47 56.93,-78 54 53.0,0.2732948,28142.49,,1,1.376726e-12,3.295189e-14,5.509089e-13,1.101143e-14,3.103535e-13,7.420021e-15,1.51985e-13,7.830842e-15,1.096755e-13,2.490214e-14,0.9119707,2.241035,10305.01,16151.66,4015.48,16151.43,0.0,0.0,-4.064453,48014.8,46389.86,0.2630752,,1,,,,54985.32440972,54985.88027778,,,,,,,,,,,,,,,,,,,,,,,,,,,,,,,,,,,,,,,,,,,,,,,,,,,,,,,,,,,,,,,,,,,,
RECX 5,J08422710-7857479,EK Cha,8h42m26.37s,-78d57m44.48s,eta Cha,94,M4.5,0.15,-9.89,0.0,15.96,15.2,2,1,,eta-cha,,,False,21,21,,0.0,0.0,,0.0,,,,,,,,,0.0,0.0,,,,,,,,,,,,,,,,,,,,,,,,,,,,,,,,,,,,,,,,,,,,,,,,,,,,,,,,,,,,,,,,,,,,,,,,,,,,,0.0,,,,,,,,,,,,,,,,,,,0.0,,,,,,,,,,0.0,,,,,,,,,,0.0,,,,0.0,,,,,,0.0,,,,,,,,,,,,,,0.0,0,,,,,,,,,,,,,,,,,,,,,,,0.0,,,,,,,,0.0,0.0,,,,,,,0.0,0.0,,,,,,,0.0,0.0,0.0,,,,,,0.0,0.0,,,,,,,,,,,,,,,,,,,,0.0,,,,,,,,,,0.0,0.0,0,,,,,,,,0.0,,,,,,,,0.0,,,,,,,,,,,,,,,,,,,,,,,,,,,,,,,,,,,,,,0,0.,0.,0.,0,0,0,0,,,0.0,0.0,0.0,0.0,20,,4XMM J084227.0-785748,4XMMs J084227.0-785748,2,1,3,08 42 27.02,-78 57 48.8,0.1847946,4550.51,,1,7.839488e-14,4.445558e-15,3.664807e-14,1.172437e-15,1.391861e-14,7.707509e-16,3.762803e-15,8.063008e-16,6.780902e-15,4.012509e-15,0.05843379,0.001463611,2080.234,51.65751,1312.609,40.9525,0.0,0.0,-3.161621,48014.8,46389.35,0.01789128,,1,,,,54985.32440972,54985.88027778,,,,,,,,,,,,,,,,,,,,,,,,,,,,,,,,,,,,,,,,,,,,,,,,,,,,,,,,,,,,,,,,,,,,
RECX 7,J08430723-7904524,EM Cha,8h43m07.19s,-79d04m50.84s,eta Cha,94,K6.0,0.78,-10.44,0.0,11.9,10.8,4,1,,eta-cha,,,False,23,23,28.01,Ximg,2RXS J084258.9-790435,933106,073,545.60,275.32,17.538225,0.3984,0.0254,691.12,130.74570,-79.07651,08H42M58.96S,-79D04M35.4S,292.55154,-21.64398,244.46025,-73.32859,0.981,0.388,28.74,0.045,0.053,0.054,0.073,2,1,0,0,27,0.2014,0.35446,0.16161,411.57,0.10566,0.67808,0.23578,0.13520,0.071,0.0041144,0.082609,0.049805,0.7160,0.1080,0.1239,0.0008595,0.0002044,-1.8710,0.5828,0.349500,4.086e-12,1.5910,31.8200,24,20,0.005671,0.01566,0.001198,0.000352,0.813800,0.1833,0.318600,0.000000,1.747,34.93,24,20,0.00100,0.07393,0.003465,0.001327,0.181700,0.02078,0.319700,2.704e-12,1.898,37.96,24,20,150.7154,288.9680,0.103218,0.096794,-9521.11,2921.62,600,1.0,338,0.3806,1.4745,,246.68,113.34,131.71,245.05,146.62,41.56,59.45,101.01,188.281,185.51,96.00,106.91,202.91,1,17803,30.5,130.78410,-79.08088,J084308.1-790451,1.884250,0.380601,1.654350,0.318283,20,136484,28.8,130.78043,-79.08108,J084307.3-790451,0.62264,0.005054,1.4476e-12,8.7055e-15,0,0,,0.00000,0.00000,,,,,,1,123619,26.8,130.78458,-79.07764,J084308.3-790439,0.314200,0.033420,212.09,22.558500,188,675,0.000000,0.100000,0.100000,0.150000,0,0,,,,,,,0.00000,0.00000,1,2513059,44.2,130.80092,-79.07008,2513029,6.112,6.368,9403,1987,1,1,3516,45.3,130.80167,-79.06973,6.050,A5V+A7V,3524,75747,0,0,,0.00000,0.00000,,,,0,0,,0.00000,0.00000,,,,0,0,,0.00000,0.00000,,,,0,0,,0.00000,0.00000,,,0,0,,0.00000,0.00000,,,,,,,,,,0,0,,0.00000,0.00000,,,,,,0,0,,0.00000,0.00000,,,,,,0,0,,0.00000,0.00000,,,,0,0,,0.00000,0.00000,,,,3,216114,15.0,216114,933106,72,423.00,0.3001,130.75111,-79.07247,2,1,2,-12703.67,5012.15,-6602.48,1188.80,0.001,0.00097907,0,0.35446,0.16161,0.0041144,0.082609,25,25,0,0,0.105664,0.678075,0.235780,0.135203,,0.049805,0.516077,1,gp,gm,gb,1,i,l,b,6147296.0,22464015.0,1990-08-12,00:41:45.8,1991-02-17,00:00:15.0,22,,4XMM J084307.1-790452,4XMMs J084307.1-790452,2,1,2,08 43 07.12,-79 04 52.3,0.05466383,112091.4,,1,1.700706e-12,1.690976e-14,7.341953e-13,9.25587e-15,4.182786e-13,5.597522e-15,1.640737e-13,5.089782e-15,8.746344e-14,1.080352e-14,1.058684,0.008814601,32642.04,268.693,24557.99,239.5895,0.0,0.0,2076.945,47993.89,46389.5,0.3823714,,1,,,,54985.32440972,54985.88027778,,,,,,,,,,,,,,,,,,,,,,,,,,,,,,,,,,,,,,,,,,,,,,,,,,,,,,,,,,,,,,,,,,,,
RECX 9,J08441637-7859080,EN Cha,8h44m15.65s,-78d59m05.43s,eta Cha,94,M4.5,0.15,-9.92,0.0,15.78,15.0,2,1,,eta-cha,,,False,22,22,,0.0,0.0,,0.0,,,,,,,,,0.0,0.0,,,,,,,,,,,,,,,,,,,,,,,,,,,,,,,,,,,,,,,,,,,,,,,,,,,,,,,,,,,,,,,,,,,,,,,,,,,,,0.0,,,,,,,,,,,,,,,,,,,0.0,,,,,,,,,,0.0,,,,,,,,,,0.0,,,,0.0,,,,,,0.0,,,,,,,,,,,,,,0.0,0,,,,,,,,,,,,,,,,,,,,,,,0.0,,,,,,,,0.0,0.0,,,,,,,0.0,0.0,,,,,,,0.0,0.0,0.0,,,,,,0.0,0.0,,,,,,,,,,,,,,,,,,,,0.0,,,,,,,,,,0.0,0.0,0,,,,,,,,0.0,,,,,,,,0.0,,,,,,,,,,,,,,,,,,,,,,,,,,,,,,,,,,,,,,0,0.,0.,0.,0,0,0,0,,,0.0,0.0,0.0,0.0,21,,4XMM J084416.5-785908,4XMMs J084416.5-785908,2,1,3,08 44 16.52,-78 59 08.5,0.0918001,27217.68,,1,4.139087e-13,7.512664e-15,7.178961e-14,1.521983e-15,1.340937e-13,2.466492e-15,1.311593e-13,3.439437e-15,7.329966e-14,5.879048e-15,0.2289169,0.002924325,9545.859,120.0542,5297.195,96.60133,0.0,0.0,-4.048828,48014.8,46389.5,0.06190123,,1,,,,54985.32440972,54985.88027778,,,,,,,,,,,,,,,,,,,,,,,,,,,,,,,,,,,,,,,,,,,,,,,,,,,,,,,,,,,,,,,,,,,,
RU Lup,,,15h56m42.31s,-37d49m15.47s,,,,0.7,-7.301029995663981,0.07,,,,,,monitor,1.7,3.71,False,79,79,,0.0,0.0,,0.0,,,,,,,,,0.0,0.0,,,,,,,,,,,,,,,,,,,,,,,,,,,,,,,,,,,,,,,,,,,,,,,,,,,,,,,,,,,,,,,,,,,,,,,,,,,,,0.0,,,,,,,,,,,,,,,,,,,0.0,,,,,,,,,,0.0,,,,,,,,,,0.0,,,,0.0,,,,,,0.0,,,,,,,,,,,,,,0.0,0,,,,,,,,,,,,,,,,,,,,,,,0.0,,,,,,,,0.0,0.0,,,,,,,0.0,0.0,,,,,,,0.0,0.0,0.0,,,,,,0.0,0.0,,,,,,,,,,,,,,,,,,,,0.0,,,,,,,,,,0.0,0.0,0,,,,,,,,0.0,,,,,,,,0.0,,,,,,,,,,,,,,,,,,,,,,,,,,,,,,,,,,,,,,0,0.,0.,0.,0,0,0,0,,,0.0,0.0,0.0,0.0,78,,4XMM J155642.2-374914,4XMMs J155642.2-374914,3,3,9,15 56 42.26,-37 49 14.4,0.08014518,52177.57,,1,4.957552e-13,7.370223e-15,1.383716e-13,2.024876e-15,1.288967e-13,2.061571e-15,1.094443e-13,2.865748e-15,9.745531e-14,6.009531e-15,0.3521324,0.003623905,15987.48,156.4768,8946.317,127.3962,0.0,0.0,-3.859375,60198.74,44744.42,0.1311663,,0,922.1924,0.0,34.39948,53590.19274306,53620.09138889,,,,,,,,,,,,,,,,,,,,,,,,,,,,,,,,,,,,,,,,,,,,,,,,,,,,,,,,,,,,,,,,,,,,
RXJ1556.1-3655,J15560210-3655282,Wray 15-1384,15h56m02.09s,-36d55m28.3s,Lupus II,150,M1,0.5,-7.92,1.0,14.91,13.85,3,1,,lupus,,,False,50,50,16.42,Ximg,2RXS J155602.9-365541,932435,016,12.00,12.59,4.680850,0.0311,0.0116,404.45,239.01226,-36.92810,15H56M02.94S,-36D55M41.1S,339.14954,12.64368,244.62495,-16.17894,0.093,0.210,0.02,1.000,0.247,-0.090,0.238,8,1,0,0,13,0.1984,0.01198,0.11846,6.24,-0.20472,0.33054,0.14494,0.19191,2.122,57.974,46.84,1.237685,1.4420,22.0900,1081,0.01279,2.31,-8.0000,1442,0.014290,3.873e-06,1.3630,1.3630,4,1,25.559999,1217,0.1076,85.57,0.198500,90.13,0.014590,0.000000,1.324,1.324,4,1,43.96000,2333,2.15e+04,2.287e+07,0.060600,22.38,0.015640,4.967e-06,1.276,1.276,4,1,245.8805,60.8222,0.183156,0.175844,-956.25,-17611.50,600,1.0,49,0.2900,1.5426,,23.18,27.54,24.42,51.96,70.29,38.86,36.41,75.28,216.363,0.00,13.43,11.20,24.63,0,0,,0.00000,0.00000,,,,,,0,0,,0.00000,0.00000,,,,,,0,0,,0.00000,0.00000,,,,,,1,103088,1.8,239.01250,-36.92764,J155603.0-365539,0.032930,0.011210,13.402,4.562470,18,407,1.000000,0.300000,-0.090000,0.340000,0,0,,,,,,,0.00000,0.00000,0,0,,0.00000,0.00000,,,,,,,0,0,,0.00000,0.00000,,,,,0,0,,0.00000,0.00000,,,,0,0,,0.00000,0.00000,,,,0,0,,0.00000,0.00000,,,,0,0,,0.00000,0.00000,,,0,0,,0.00000,0.00000,,,,,,,,,,0,0,,0.00000,0.00000,,,,,,0,0,,0.00000,0.00000,,,,,,0,0,,0.00000,0.00000,,,,0,0,,0.00000,0.00000,,,,0,0,,,,,,,0.00000,0.00000,,,1,-1530.67,-21021.69,18.11,-13989.91,0.0013,0.0012749,0,0.01198,0.11846,57.974,46.84,14,14,0,0,-0.204720,0.330536,0.144937,0.191905,,1.237685,0.130434,0,gp,gm,gb,1,i,l,b,6378884.0,6560606.0,1990-08-14,17:01:33.8,1990-08-16,19:30:15.8,49,,,,,,,,,,,,,,,,,,,,,,,,,,,,,,,,,,,,,,,,,,,,,,,,,,,,,,,,,,,,,,,,,,,,,,,,,,,,,,,,,,,,,,,,,,,,,,,,,,,,,,,,,,,,,
RXJ1842.9-3532,J18425797-3532427,WRAY 15-1880,18h42m57.95s,-35d32m42.7s,CrA,130,K2,0.93,-8.8,0.4,12.06,11.77,2,1,,CrA,,,False,74,74,8.39,Ximg,2RXS J184258.0-353234,932343,073,16.69,9.47,3.647209,0.0712,0.0274,133.04,280.74177,-35.54287,18H42M58.02S,-35D32M34.3S,359.78336,-13.78675,278.93420,-12.43612,0.000,0.000,0.00,0.589,0.201,0.105,0.259,3,1,0,0,7,0.1017,0.11358,0.18705,21.42,-0.10143,0.43564,0.23971,0.19568,0.393,0.83403,2.0934,0.398418,1.2220,2.1110,23.3,9.547e-05,0.001433,-8.0000,21.19,0.057940,2.891e-08,,0.0234,3,0,1.577000,81.33,0.1182,48.88,0.068800,12.84,0.054430,0.000000,,0.003734,3,0,2.14100,111.8,1.513,487.5,0.047340,4.947,0.053480,2.468e-10,,0.003947,3,0,89.9233,401.9791,0.148912,0.149466,-14992.40,13092.62,600,1.0,24,0.1142,1.6135,,11.16,14.80,15.96,30.76,19.32,19.95,17.69,37.64,235.243,4.71,8.14,10.05,18.20,0,0,,0.00000,0.00000,,,,,,0,0,,0.00000,0.00000,,,,,,0,0,,0.00000,0.00000,,,,,,1,99155,0.3,280.74167,-35.54292,J184258.0-353234,0.073870,0.026720,10.194,3.687360,23,138,1.000000,0.240000,0.220000,0.370000,0,0,,,,,,,0.00000,0.00000,1,1851828,8.4,280.74145,-35.54519,1851822,11.897,13.232,7415,696,1,0,0,,0.00000,0.00000,,,,,0,0,,0.00000,0.00000,,,,0,0,,0.00000,0.00000,,,,0,0,,0.00000,0.00000,,,,0,0,,0.00000,0.00000,,,0,0,,0.00000,0.00000,,,,,,,,,,0,0,,0.00000,0.00000,,,,,,0,0,,0.00000,0.00000,,,,,,0,0,,0.00000,0.00000,,,,0,0,,0.00000,0.00000,,,,0,0,,,,,,,0.00000,0.00000,,,1,-14565.31,9252.13,-14934.42,16442.65,0.0014,0.0015265,0,0.11358,0.18705,0.83403,2.0934,4,4,0,0,-0.101429,0.435643,0.239712,0.195676,,0.398418,0.300631,0,gp,gm,gb,0,i,l,b,9542259.0,9715300.0,1990-09-20,07:44:28.5,1990-09-22,07:48:29.5,73,,,,,,,,,,,,,,,,,,,,,,,,,,,,,,,,,,,,,,,,,,,,,,,,,,,,,,,,,,,,,,,,,,,,,,,,,,,,,,,,,,,,,,,,,,,,,,,,,,,,,,,,,,,,,
RXJ1852.3-3700,J18521730-3700119,,18h52m17.29s,-37d00m11.9s,CrA,130,K2,1.04,-8.7,1.0,12.7,12.19,6,1,,CrA,,,False,75,75,7.61,Ximg,2RXS J185217.8-370016,932441,008,31.31,15.42,4.307903,0.1016,0.0284,151.81,283.07426,-37.00446,18H52M17.82S,-37D00M16.0S,359.14801,-16.08782,280.73248,-14.05101,0.256,0.277,1.09,1.000,0.272,0.237,0.284,1,1,0,0,7,-0.0129,0.08356,0.13608,6.84,-0.14418,0.21539,0.26151,0.11097,0.479,-1.255,2.445,-0.513315,0.9620,9.5380,101.6,0.007345,0.01759,-8.0000,222.3,0.104000,2.224e-06,,2.1910,3,0,3.671000,1592,0.001085,0.04883,0.485800,190.4,0.104100,0.000000,,1.445,3,0,24.51000,442.8,9.912e+04,3.087e+07,0.048830,6.464,0.102600,1.694e-05,,1.302,3,0,84.7358,69.4744,0.140362,0.139631,-15459.28,-16832.81,600,1.0,35,0.1233,1.3435,,14.14,16.60,18.94,35.54,43.63,29.26,24.49,53.75,226.172,0.00,6.44,10.44,16.88,0,0,,0.00000,0.00000,,,,,,0,0,,0.00000,0.00000,,,,,,0,0,,0.00000,0.00000,,,,,,1,103814,7.0,283.07626,-37.00555,J185218.3-370020,0.118800,0.030800,17.464,4.527600,39,147,0.920000,0.120000,0.550000,0.240000,0,0,,,,,,,0.00000,0.00000,2,1854022,74.3,283.07788,-37.02490,1854017,10.779,11.448,7420,1405,1,0,0,,0.00000,0.00000,,,,,0,0,,0.00000,0.00000,,,,0,0,,0.00000,0.00000,,,,0,0,,0.00000,0.00000,,,,0,0,,0.00000,0.00000,,,0,0,,0.00000,0.00000,,,,,,,,,,0,0,,0.00000,0.00000,,,,,,0,0,,0.00000,0.00000,,,,,,0,0,,0.00000,0.00000,,,,0,0,,0.00000,0.00000,,,,0,0,,,,,,,0.00000,0.00000,,,1,-15043.98,-20063.94,-15499.43,-12878.34,0.0016,0.0014433,0,0.08356,0.13608,-1.255,2.445,5,5,0,0,-0.144180,0.215386,0.261505,0.110969,,-0.513315,0.219643,0,gp,gm,gb,1,i,l,b,9703741.0,9876704.0,1990-09-22,04:35:50.5,1990-09-24,04:38:33.5,74,,,,,,,,,,,,,,,,,,,,,,,,,,,,,,,,,,,,,,,,,,,,,,,,,,,,,,,,,,,,,,,,,,,,,,,,,,,,,,,,,,,,,,,,,,,,,,,,,,,,,,,,,,,,,
RY Lup,J15592838-4021513,HBC 252,15h59m28.39s,-40d21m51.3s,Lupus IV,150,K2,1.4,-8.19,0.4,9.81,9.9,0,0,"COS/G130M/G140L/G160M, STIS/G140L/G230L/G230MB/G430L",lupus,,,True,57,57,,0.0,0.0,,0.0,,,,,,,,,0.0,0.0,,,,,,,,,,,,,,,,,,,,,,,,,,,,,,,,,,,,,,,,,,,,,,,,,,,,,,,,,,,,,,,,,,,,,,,,,,,,,0.0,,,,,,,,,,,,,,,,,,,0.0,,,,,,,,,,0.0,,,,,,,,,,0.0,,,,0.0,,,,,,0.0,,,,,,,,,,,,,,0.0,0,,,,,,,,,,,,,,,,,,,,,,,0.0,,,,,,,,0.0,0.0,,,,,,,0.0,0.0,,,,,,,0.0,0.0,0.0,,,,,,0.0,0.0,,,,,,,,,,,,,,,,,,,,0.0,,,,,,,,,,0.0,0.0,0,,,,,,,,0.0,,,,,,,,0.0,,,,,,,,,,,,,,,,,,,,,,,,,,,,,,,,,,,,,,0,0.,0.,0.,0,0,0,0,,,0.0,0.0,0.0,0.0,56,,,,,,,,,,,,,,,,,,,,,,,,,,,,,,,,,,,,,,,,,,,,,,,,,,,,,,,,,,,,,,,,,,,,,,,,,,,,,,,,,,,,,,,,,,,,,,,,,,,,,,,,,,,,,
SO1153,J05393982-0231218,V510 Ori,5h39m39.83s,-2d31m21.9s,sigma Ori,385,K5.5,0.875,-8.38,0.15,14.59,14.3,4,1,,sigma-ori,,,False,72,72,,0.0,0.0,,0.0,,,,,,,,,0.0,0.0,,,,,,,,,,,,,,,,,,,,,,,,,,,,,,,,,,,,,,,,,,,,,,,,,,,,,,,,,,,,,,,,,,,,,,,,,,,,,0.0,,,,,,,,,,,,,,,,,,,0.0,,,,,,,,,,0.0,,,,,,,,,,0.0,,,,0.0,,,,,,0.0,,,,,,,,,,,,,,0.0,0,,,,,,,,,,,,,,,,,,,,,,,0.0,,,,,,,,0.0,0.0,,,,,,,0.0,0.0,,,,,,,0.0,0.0,0.0,,,,,,0.0,0.0,,,,,,,,,,,,,,,,,,,,0.0,,,,,,,,,,0.0,0.0,0,,,,,,,,0.0,,,,,,,,0.0,,,,,,,,,,,,,,,,,,,,,,,,,,,,,,,,,,,,,,0,0.,0.,0.,0,0,0,0,,,0.0,0.0,0.0,0.0,71,,,,,,,,,,,,,,,,,,,,,,,,,,,,,,,,,,,,,,,,,,,,,,,,,,,,,,,,,,,,,,,,,,,,,,,,,,,,,,,,,,,,,,,,,,,,,,,,,,,,,,,,,,,,,
SO518,J05382725-0245096,V505 Ori,5h38m27.26s,-2d45m09.7s,sigma Ori,385,K6.0,0.754,-8.54,0.0,14.1,14.16,3,1,,sigma-ori,,,False,70,70,,0.0,0.0,,0.0,,,,,,,,,0.0,0.0,,,,,,,,,,,,,,,,,,,,,,,,,,,,,,,,,,,,,,,,,,,,,,,,,,,,,,,,,,,,,,,,,,,,,,,,,,,,,0.0,,,,,,,,,,,,,,,,,,,0.0,,,,,,,,,,0.0,,,,,,,,,,0.0,,,,0.0,,,,,,0.0,,,,,,,,,,,,,,0.0,0,,,,,,,,,,,,,,,,,,,,,,,0.0,,,,,,,,0.0,0.0,,,,,,,0.0,0.0,,,,,,,0.0,0.0,0.0,,,,,,0.0,0.0,,,,,,,,,,,,,,,,,,,,0.0,,,,,,,,,,0.0,0.0,0,,,,,,,,0.0,,,,,,,,0.0,,,,,,,,,,,,,,,,,,,,,,,,,,,,,,,,,,,,,,0,0.,0.,0.,0,0,0,0,,,0.0,0.0,0.0,0.0,69,,4XMM J053827.1-024509,4XMMs J053827.1-024509,2,1,3,05 38 27.14,-02 45 09.7,0.5546222,459.7471,,1,3.961275e-14,6.318229e-15,6.284585e-15,7.695987e-16,1.183459e-14,1.006502e-15,1.246003e-14,1.747775e-15,7.028203e-15,5.671124e-15,0.02119264,0.001394981,430.4493,27.0364,217.0251,19.86326,0.0,0.0,-1.573608,42780.37,39768.07,0.00538323,,1,,,,52356.91230324,52357.41263889,,,,,0.2961188,2CXO J053827.2-024509,84.61365,-2.75265,1.8,FALSE,FALSE,12.45,nan,nan,nan,1.063e-13,9.775e-14,1.149e-13,FALSE,nan,nan,nan,nan,nan,nan,nan,nan,10.0,nan,u,2560,0,6,HRC,10.347,345.7,94547.0,1,FALSE,nan,12.45,HRC-I,0,nan,nan,nan,5.889,4.616,157.0,nan,2034.0,nan,0.0069803,nan,nan,nan,1.063e-13,9.775e-14,1.149e-13,nan,nan,nan,nan,nan,nan,nan,10.0,hrcfJ0538457m023553_001
SO583,J05383368-0244141,TX Ori,5h38m33.69s,-2d44m14.1s,sigma Ori,385,K4.5,1.087,-8.13,0.0,13.75,12.06,3,1,,sigma-ori,,,True,71,71,,0.0,0.0,,0.0,,,,,,,,,0.0,0.0,,,,,,,,,,,,,,,,,,,,,,,,,,,,,,,,,,,,,,,,,,,,,,,,,,,,,,,,,,,,,,,,,,,,,,,,,,,,,0.0,,,,,,,,,,,,,,,,,,,0.0,,,,,,,,,,0.0,,,,,,,,,,0.0,,,,0.0,,,,,,0.0,,,,,,,,,,,,,,0.0,0,,,,,,,,,,,,,,,,,,,,,,,0.0,,,,,,,,0.0,0.0,,,,,,,0.0,0.0,,,,,,,0.0,0.0,0.0,,,,,,0.0,0.0,,,,,,,,,,,,,,,,,,,,0.0,,,,,,,,,,0.0,0.0,0,,,,,,,,0.0,,,,,,,,0.0,,,,,,,,,,,,,,,,,,,,,,,,,,,,,,,,,,,,,,0,0.,0.,0.,0,0,0,0,,,0.0,0.0,0.0,0.0,70,,,4XMMs J053833.5-024413,2,1,3,05 38 33.56,-02 44 13.9,0.4283347,872.3,,1,6.729601e-14,8.760971e-15,1.935102e-14,1.514028e-15,2.50255e-14,1.664871e-15,1.896216e-14,2.642479e-15,2.760619e-15,7.963928e-15,0.05657506,0.00365527,846.1576,42.99664,404.3302,34.79166,0.0,0.0,-2.354065,42780.37,39768.31,0.01828245,,1,,,,52356.91230324,52357.41263889,,,,,,,,,,,,,,,,,,,,,,,,,,,,,,,,,,,,,,,,,,,,,,,,,,,,,,,,,,,,,,,,,,,,
SSTc2dJ160000.6-422158,J16000060-4221567,MJS2008-144,16h00m00.62s,-42d21m57.5s,Lupus IV,150,M4.5,0.2,-9.81,0.0,16.57,15.85,4,1,,lupus,,,False,35,35,,0.0,0.0,,0.0,,,,,,,,,0.0,0.0,,,,,,,,,,,,,,,,,,,,,,,,,,,,,,,,,,,,,,,,,,,,,,,,,,,,,,,,,,,,,,,,,,,,,,,,,,,,,0.0,,,,,,,,,,,,,,,,,,,0.0,,,,,,,,,,0.0,,,,,,,,,,0.0,,,,0.0,,,,,,0.0,,,,,,,,,,,,,,0.0,0,,,,,,,,,,,,,,,,,,,,,,,0.0,,,,,,,,0.0,0.0,,,,,,,0.0,0.0,,,,,,,0.0,0.0,0.0,,,,,,0.0,0.0,,,,,,,,,,,,,,,,,,,,0.0,,,,,,,,,,0.0,0.0,0,,,,,,,,0.0,,,,,,,,0.0,,,,,,,,,,,,,,,,,,,,,,,,,,,,,,,,,,,,,,0,0.,0.,0.,0,0,0,0,,,0.0,0.0,0.0,0.0,34,,,,,,,,,,,,,,,,,,,,,,,,,,,,,,,,,,,,,,,,,,,,,,,,,,,,,,,,,,,,,,,,,,,,,,,,,,,,,,,,,,,,,,,,,,,,,,,,,,,,,,,,,,,,,
SSTc2dJ160830.7-382827,J16083070-3828268,MJS2008-50,16h08m30.7s,-38d28m26.8s,Lupus III,200,K2,1.4,-8.96,0.2,11.44,11.15,0,0,"COS/G130M/G140L/G160M, STIS/G230L/G430L",lupus,,,False,58,58,,0.0,0.0,,0.0,,,,,,,,,0.0,0.0,,,,,,,,,,,,,,,,,,,,,,,,,,,,,,,,,,,,,,,,,,,,,,,,,,,,,,,,,,,,,,,,,,,,,,,,,,,,,0.0,,,,,,,,,,,,,,,,,,,0.0,,,,,,,,,,0.0,,,,,,,,,,0.0,,,,0.0,,,,,,0.0,,,,,,,,,,,,,,0.0,0,,,,,,,,,,,,,,,,,,,,,,,0.0,,,,,,,,0.0,0.0,,,,,,,0.0,0.0,,,,,,,0.0,0.0,0.0,,,,,,0.0,0.0,,,,,,,,,,,,,,,,,,,,0.0,,,,,,,,,,0.0,0.0,0,,,,,,,,0.0,,,,,,,,0.0,,,,,,,,,,,,,,,,,,,,,,,,,,,,,,,,,,,,,,0,0.,0.,0.,0,0,0,0,,,0.0,0.0,0.0,0.0,57,,,,,,,,,,,,,,,,,,,,,,,,,,,,,,,,,,,,,,,,,,,,,,,,,,,,,,,,,,,,,,,,,,,,,,,,,,,,,,,,,,,,,,,,,,,,,,,,,,,,,,,,,,,,,
SSTc2dJ161243.8-381503,J16124373-3815031,MJS2008-137,16h12m43.75s,-38d15m03.3s,Lupus III,200,M1,0.44,-8.76,0.8,13.89,13.44,7,1,,lupus,,,False,48,48,,0.0,0.0,,0.0,,,,,,,,,0.0,0.0,,,,,,,,,,,,,,,,,,,,,,,,,,,,,,,,,,,,,,,,,,,,,,,,,,,,,,,,,,,,,,,,,,,,,,,,,,,,,0.0,,,,,,,,,,,,,,,,,,,0.0,,,,,,,,,,0.0,,,,,,,,,,0.0,,,,0.0,,,,,,0.0,,,,,,,,,,,,,,0.0,0,,,,,,,,,,,,,,,,,,,,,,,0.0,,,,,,,,0.0,0.0,,,,,,,0.0,0.0,,,,,,,0.0,0.0,0.0,,,,,,0.0,0.0,,,,,,,,,,,,,,,,,,,,0.0,,,,,,,,,,0.0,0.0,0,,,,,,,,0.0,,,,,,,,0.0,,,,,,,,,,,,,,,,,,,,,,,,,,,,,,,,,,,,,,0,0.,0.,0.,0,0,0,0,,,0.0,0.0,0.0,0.0,47,,,,,,,,,,,,,,,,,,,,,,,,,,,,,,,,,,,,,,,,,,,,,,,,,,,,,,,,,,,,,,,,,,,,,,,,,,,,,,,,,,,,,,,,,,,,,,,,,,,,,,,,,,,,,
SSTc2dJ161344.1-373646,J16134410-3736462,MJS2008-141,16h13m44.11s,-37d36m46.4s,Lupus III,200,M5,0.16,-8.94,0.6,17.79,17.32,6,1,,lupus,,,False,30,30,,0.0,0.0,,0.0,,,,,,,,,0.0,0.0,,,,,,,,,,,,,,,,,,,,,,,,,,,,,,,,,,,,,,,,,,,,,,,,,,,,,,,,,,,,,,,,,,,,,,,,,,,,,0.0,,,,,,,,,,,,,,,,,,,0.0,,,,,,,,,,0.0,,,,,,,,,,0.0,,,,0.0,,,,,,0.0,,,,,,,,,,,,,,0.0,0,,,,,,,,,,,,,,,,,,,,,,,0.0,,,,,,,,0.0,0.0,,,,,,,0.0,0.0,,,,,,,0.0,0.0,0.0,,,,,,0.0,0.0,,,,,,,,,,,,,,,,,,,,0.0,,,,,,,,,,0.0,0.0,0,,,,,,,,0.0,,,,,,,,0.0,,,,,,,,,,,,,,,,,,,,,,,,,,,,,,,,,,,,,,0,0.,0.,0.,0,0,0,0,,,0.0,0.0,0.0,0.0,29,,,,,,,,,,,,,,,,,,,,,,,,,,,,,,,,,,,,,,,,,,,,,,,,,,,,,,,,,,,,,,,,,,,,,,,,,,,,,,,,,,,,,,,,,,,,,,,,,,,,,,,,,,,,,
SZ Cha,J10581677-7717170,HBC 566,10h58m16.77s,-77d17m17s,Cha I,160,K2,1.31,-7.82,1.3,12.8,12.68,6,1,STIS/G140L/G230L/G430L/G750L,cha-1,,,False,16,16,,0.0,0.0,,0.0,,,,,,,,,0.0,0.0,,,,,,,,,,,,,,,,,,,,,,,,,,,,,,,,,,,,,,,,,,,,,,,,,,,,,,,,,,,,,,,,,,,,,,,,,,,,,0.0,,,,,,,,,,,,,,,,,,,0.0,,,,,,,,,,0.0,,,,,,,,,,0.0,,,,0.0,,,,,,0.0,,,,,,,,,,,,,,0.0,0,,,,,,,,,,,,,,,,,,,,,,,0.0,,,,,,,,0.0,0.0,,,,,,,0.0,0.0,,,,,,,0.0,0.0,0.0,,,,,,0.0,0.0,,,,,,,,,,,,,,,,,,,,0.0,,,,,,,,,,0.0,0.0,0,,,,,,,,0.0,,,,,,,,0.0,,,,,,,,,,,,,,,,,,,,,,,,,,,,,,,,,,,,,,0,0.,0.,0.,0,0,0,0,,,0.0,0.0,0.0,0.0,15,,4XMM J105816.8-771717,4XMMs J105816.8-771716,6,1,1,10 58 16.80,-77 17 16.8,0.3686105,1885.744,,1,4.240403e-13,4.508034e-14,1.068754e-13,7.543288e-15,1.347707e-13,7.856862e-15,7.779834e-14,1.038282e-14,9.983216e-14,4.24533e-14,0.05302181,0.002271035,669.7057,28.29938,,,0.0,0.0,-2.748047,30274.78,0.0,,,1,,,,52869.24517361,52869.60024306,,,,,0.2284813,2CXO J105816.7-771716,164.5696,-77.28803,0.71,FALSE,FALSE,22.19,2.233e-13,2.133e-13,2.334e-13,nan,nan,nan,FALSE,-0.3235,-0.3829,-0.263,-0.3985,-0.4391,-0.3579,0.0,nan,nan,nan,u,8582,0,15,ACIS,0.487,343.4,22858.8,7,FALSE,22.19,nan,ACIS-3,0,0.36,0.28,127.5,nan,nan,nan,636.0,-999.0,0.02957,nan,2.233e-13,2.133e-13,2.334e-13,nan,nan,nan,-0.3235,-0.3829,-0.263,-0.3985,-0.3579,-0.4391,0.0,nan,acisfJ1058244m771702_001
Sz100,J16082576-3906011,MJS2008-43,16h08m25.76s,-39d06m01.1s,Lupus III,200,M5.5,0.16,-9.44,0.0,15.92,15.43,4,1,,lupus,,,False,28,28,,0.0,0.0,,0.0,,,,,,,,,0.0,0.0,,,,,,,,,,,,,,,,,,,,,,,,,,,,,,,,,,,,,,,,,,,,,,,,,,,,,,,,,,,,,,,,,,,,,,,,,,,,,0.0,,,,,,,,,,,,,,,,,,,0.0,,,,,,,,,,0.0,,,,,,,,,,0.0,,,,0.0,,,,,,0.0,,,,,,,,,,,,,,0.0,0,,,,,,,,,,,,,,,,,,,,,,,0.0,,,,,,,,0.0,0.0,,,,,,,0.0,0.0,,,,,,,0.0,0.0,0.0,,,,,,0.0,0.0,,,,,,,,,,,,,,,,,,,,0.0,,,,,,,,,,0.0,0.0,0,,,,,,,,0.0,,,,,,,,0.0,,,,,,,,,,,,,,,,,,,,,,,,,,,,,,,,,,,,,,0,0.,0.,0.,0,0,0,0,,,0.0,0.0,0.0,0.0,27,,,,,,,,,,,,,,,,,,,,,,,,,,,,,,,,,,,,,,,,,,,,,,0.4041501,2CXO J160825.7-390601,242.1073,-39.10041,0.72,FALSE,FALSE,10.23,3.723e-14,3.365e-14,4.082e-14,nan,nan,nan,FALSE,-0.461,-0.6077,-0.3142,-0.5684,-0.6365,-0.4941,0.0,nan,nan,nan,u,9921,1,8,ACIS,2.859,224.26,28959.8,0,FALSE,10.18,nan,ACIS-6,0,0.926,0.655,28.1,nan,nan,nan,138.0,nan,0.0050063,nan,3.723e-14,3.365e-14,4.082e-14,nan,nan,nan,-0.461,-0.6077,-0.3142,-0.5684,-0.4941,-0.6365,0.0,nan,acisfJ1608309m390320_001
Sz103,J16083026-3906111,HBC 618,16h08m30.26s,-39d06m11.1s,Lupus III,200,M4,0.22,-8.99,0.7,11.69,11.14,8,1,,lupus,,,False,38,38,,0.0,0.0,,0.0,,,,,,,,,0.0,0.0,,,,,,,,,,,,,,,,,,,,,,,,,,,,,,,,,,,,,,,,,,,,,,,,,,,,,,,,,,,,,,,,,,,,,,,,,,,,,0.0,,,,,,,,,,,,,,,,,,,0.0,,,,,,,,,,0.0,,,,,,,,,,0.0,,,,0.0,,,,,,0.0,,,,,,,,,,,,,,0.0,0,,,,,,,,,,,,,,,,,,,,,,,0.0,,,,,,,,0.0,0.0,,,,,,,0.0,0.0,,,,,,,0.0,0.0,0.0,,,,,,0.0,0.0,,,,,,,,,,,,,,,,,,,,0.0,,,,,,,,,,0.0,0.0,0,,,,,,,,0.0,,,,,,,,0.0,,,,,,,,,,,,,,,,,,,,,,,,,,,,,,,,,,,,,,0,0.,0.,0.,0,0,0,0,,,0.0,0.0,0.0,0.0,37,,,,,,,,,,,,,,,,,,,,,,,,,,,,,,,,,,,,,,,,,,,,,,0.1241668,2CXO J160830.2-390611,242.1261,-39.10312,0.76,FALSE,FALSE,4.12,5.718e-15,4.56e-15,6.876e-15,nan,nan,nan,FALSE,-0.3835,-0.6177,-0.1405,-0.2249,-0.4091,-0.0181,6.0,5.0,nan,nan,u,9921,1,6,ACIS,2.839,206.25,28959.8,0,FALSE,4.12,nan,ACIS-6,0,nan,nan,nan,nan,nan,nan,22.0,nan,0.00082278,nan,4.65e-15,3.488e-15,5.813e-15,nan,nan,nan,-0.6259,-0.8438,-0.3629,-0.0375,0.218,-0.2717,6.0,nan,acisfJ1608309m390320_001
Sz104,J16083081-3905488,MJS2008-51,16h08m30.81s,-39d05m48.8s,Lupus III,200,M5,0.16,-9.75,0.0,15.93,15.25,6,1,,lupus,,,False,31,31,,0.0,0.0,,0.0,,,,,,,,,0.0,0.0,,,,,,,,,,,,,,,,,,,,,,,,,,,,,,,,,,,,,,,,,,,,,,,,,,,,,,,,,,,,,,,,,,,,,,,,,,,,,0.0,,,,,,,,,,,,,,,,,,,0.0,,,,,,,,,,0.0,,,,,,,,,,0.0,,,,0.0,,,,,,0.0,,,,,,,,,,,,,,0.0,0,,,,,,,,,,,,,,,,,,,,,,,0.0,,,,,,,,0.0,0.0,,,,,,,0.0,0.0,,,,,,,0.0,0.0,0.0,,,,,,0.0,0.0,,,,,,,,,,,,,,,,,,,,0.0,,,,,,,,,,0.0,0.0,0,,,,,,,,0.0,,,,,,,,0.0,,,,,,,,,,,,,,,,,,,,,,,,,,,,,,,,,,,,,,0,0.,0.,0.,0,0,0,0,,,0.0,0.0,0.0,0.0,30,,,,,,,,,,,,,,,,,,,,,,,,,,,,,,,,,,,,,,,,,,,,,,0.351089,2CXO J160830.8-390549,242.1283,-39.09698,0.73,FALSE,FALSE,7.33,2.133e-14,1.838e-14,2.412e-14,nan,nan,nan,FALSE,0.015,-0.2055,0.2205,-0.6833,-0.7614,-0.5953,2.0,nan,nan,nan,u,9921,1,9,ACIS,2.472,204.26,28959.8,0,FALSE,7.33,nan,ACIS-6,0,0.727,0.325,15.1,nan,nan,nan,72.0,-999.0,0.0026413,nan,2.133e-14,1.838e-14,2.412e-14,nan,nan,nan,0.015,-0.2055,0.2205,-0.6833,-0.5953,-0.7614,2.0,nan,acisfJ1608309m390320_001
Sz110,J16085157-3903177,V1193 Sco,16h08m51.57s,-39d03m17.7s,Lupus III,200,M4,0.22,-8.53,0.0,14.51,14.58,1,1,,lupus,,,False,37,37,,0.0,0.0,,0.0,,,,,,,,,0.0,0.0,,,,,,,,,,,,,,,,,,,,,,,,,,,,,,,,,,,,,,,,,,,,,,,,,,,,,,,,,,,,,,,,,,,,,,,,,,,,,0.0,,,,,,,,,,,,,,,,,,,0.0,,,,,,,,,,0.0,,,,,,,,,,0.0,,,,0.0,,,,,,0.0,,,,,,,,,,,,,,0.0,0,,,,,,,,,,,,,,,,,,,,,,,0.0,,,,,,,,0.0,0.0,,,,,,,0.0,0.0,,,,,,,0.0,0.0,0.0,,,,,,0.0,0.0,,,,,,,,,,,,,,,,,,,,0.0,,,,,,,,,,0.0,0.0,0,,,,,,,,0.0,,,,,,,,0.0,,,,,,,,,,,,,,,,,,,,,,,,,,,,,,,,,,,,,,0,0.,0.,0.,0,0,0,0,,,0.0,0.0,0.0,0.0,36,,,,,,,,,,,,,,,,,,,,,,,,,,,,,,,,,,,,,,,,,,,,,,0.1932696,2CXO J160851.5-390317,242.2149,-39.05496,0.93,FALSE,FALSE,5.0,2.736e-14,2.182e-14,3.291e-14,nan,nan,nan,FALSE,-0.341,-0.6027,-0.0768,-0.5034,-0.6427,-0.3317,0.0,nan,nan,nan,u,8901,0,19,ACIS,4.125,202.23,9899.3,0,FALSE,5.0,nan,ACIS-0,0,1.159,0.786,97.6,nan,nan,nan,33.0,-999.0,0.0035063,nan,2.736e-14,2.182e-14,3.291e-14,nan,nan,nan,-0.341,-0.6027,-0.0768,-0.5034,-0.3317,-0.6427,0.0,nan,acisfJ1608348m390550_001
Sz111,J16085468-3937431,HBC 622,16h08m54.69s,-39d37m43.1s,Lupus III,200,M1,0.47,-9.12,0.0,14.27,13.98,2,1,,lupus,,,False,49,49,,0.0,0.0,,0.0,,,,,,,,,0.0,0.0,,,,,,,,,,,,,,,,,,,,,,,,,,,,,,,,,,,,,,,,,,,,,,,,,,,,,,,,,,,,,,,,,,,,,,,,,,,,,0.0,,,,,,,,,,,,,,,,,,,0.0,,,,,,,,,,0.0,,,,,,,,,,0.0,,,,0.0,,,,,,0.0,,,,,,,,,,,,,,0.0,0,,,,,,,,,,,,,,,,,,,,,,,0.0,,,,,,,,0.0,0.0,,,,,,,0.0,0.0,,,,,,,0.0,0.0,0.0,,,,,,0.0,0.0,,,,,,,,,,,,,,,,,,,,0.0,,,,,,,,,,0.0,0.0,0,,,,,,,,0.0,,,,,,,,0.0,,,,,,,,,,,,,,,,,,,,,,,,,,,,,,,,,,,,,,0,0.,0.,0.,0,0,0,0,,,0.0,0.0,0.0,0.0,48,,,,,,,,,,,,,,,,,,,,,,,,,,,,,,,,,,,,,,,,,,,,,,,,,,,,,,,,,,,,,,,,,,,,,,,,,,,,,,,,,,,,,,,,,,,,,,,,,,,,,,,,,,,,,
Sz112,J16085553-3902339,MJS2008-73,16h08m55.52s,-39d02m33.9s,Lupus III,200,M5,0.17,-9.64,0.0,16.0,15.39,5,1,,lupus,,,False,32,32,,0.0,0.0,,0.0,,,,,,,,,0.0,0.0,,,,,,,,,,,,,,,,,,,,,,,,,,,,,,,,,,,,,,,,,,,,,,,,,,,,,,,,,,,,,,,,,,,,,,,,,,,,,0.0,,,,,,,,,,,,,,,,,,,0.0,,,,,,,,,,0.0,,,,,,,,,,0.0,,,,0.0,,,,,,0.0,,,,,,,,,,,,,,0.0,0,,,,,,,,,,,,,,,,,,,,,,,0.0,,,,,,,,0.0,0.0,,,,,,,0.0,0.0,,,,,,,0.0,0.0,0.0,,,,,,0.0,0.0,,,,,,,,,,,,,,,,,,,,0.0,,,,,,,,,,0.0,0.0,0,,,,,,,,0.0,,,,,,,,0.0,,,,,,,,,,,,,,,,,,,,,,,,,,,,,,,,,,,,,,0,0.,0.,0.,0,0,0,0,,,0.0,0.0,0.0,0.0,31,,,,,,,,,,,,,,,,,,,,,,,,,,,,,,,,,,,,,,,,,,,,,,,,,,,,,,,,,,,,,,,,,,,,,,,,,,,,,,,,,,,,,,,,,,,,,,,,,,,,,,,,,,,,,
Sz114,J16090185-3905124,V908 Sco,16h09m01.84s,-39d05m12.5s,Lupus III,200,M4.8,0.21,-8.96,0.3,14.46,14.12,3,1,,lupus,,,False,36,36,,0.0,0.0,,0.0,,,,,,,,,0.0,0.0,,,,,,,,,,,,,,,,,,,,,,,,,,,,,,,,,,,,,,,,,,,,,,,,,,,,,,,,,,,,,,,,,,,,,,,,,,,,,0.0,,,,,,,,,,,,,,,,,,,0.0,,,,,,,,,,0.0,,,,,,,,,,0.0,,,,0.0,,,,,,0.0,,,,,,,,,,,,,,0.0,0,,,,,,,,,,,,,,,,,,,,,,,0.0,,,,,,,,0.0,0.0,,,,,,,0.0,0.0,,,,,,,0.0,0.0,0.0,,,,,,0.0,0.0,,,,,,,,,,,,,,,,,,,,0.0,,,,,,,,,,0.0,0.0,0,,,,,,,,0.0,,,,,,,,0.0,,,,,,,,,,,,,,,,,,,,,,,,,,,,,,,,,,,,,,0,0.,0.,0.,0,0,0,0,,,0.0,0.0,0.0,0.0,35,,,,,,,,,,,,,,,,,,,,,,,,,,,,,,,,,,,,,,,,,,,,,,0.1443604,2CXO J160901.8-390512,242.2577,-39.08683,0.77,FALSE,FALSE,13.45,1.915e-13,1.772e-13,2.049e-13,nan,nan,nan,FALSE,-0.4172,-0.5228,-0.3117,-0.5247,-0.579,-0.4678,0.0,nan,nan,nan,u,8901,0,15,ACIS,5.281,233.41,9899.3,0,FALSE,13.45,nan,ACIS-0,0,1.614,0.882,103.7,nan,nan,nan,242.0,nan,0.025478,nan,1.915e-13,1.772e-13,2.049e-13,nan,nan,nan,-0.4172,-0.5228,-0.3117,-0.5247,-0.4678,-0.579,0.0,nan,acisfJ1608348m390550_001
Sz115,J16090621-3908518,MJS2008-82,16h09m06.21s,-39d08m51.8s,Lupus III,200,M4.5,0.19,-9.24,0.5,16.09,15.48,8,1,,lupus,,,False,33,33,,0.0,0.0,,0.0,,,,,,,,,0.0,0.0,,,,,,,,,,,,,,,,,,,,,,,,,,,,,,,,,,,,,,,,,,,,,,,,,,,,,,,,,,,,,,,,,,,,,,,,,,,,,0.0,,,,,,,,,,,,,,,,,,,0.0,,,,,,,,,,0.0,,,,,,,,,,0.0,,,,0.0,,,,,,0.0,,,,,,,,,,,,,,0.0,0,,,,,,,,,,,,,,,,,,,,,,,0.0,,,,,,,,0.0,0.0,,,,,,,0.0,0.0,,,,,,,0.0,0.0,0.0,,,,,,0.0,0.0,,,,,,,,,,,,,,,,,,,,0.0,,,,,,,,,,0.0,0.0,0,,,,,,,,0.0,,,,,,,,0.0,,,,,,,,,,,,,,,,,,,,,,,,,,,,,,,,,,,,,,0,0.,0.,0.,0,0,0,0,,,0.0,0.0,0.0,0.0,32,,,,,,,,,,,,,,,,,,,,,,,,,,,,,,,,,,,,,,,,,,,,,,,,,,,,,,,,,,,,,,,,,,,,,,,,,,,,,,,,,,,,,,,,,,,,,,,,,,,,,,,,,,,,,
Sz117,J16094434-3913301,HBC 626,16h09m44.34s,-39d13m30.3s,Lupus III,200,M3.5,0.26,-8.61,0.5,14.81,14.59,3,1,,lupus,,,False,42,42,,0.0,0.0,,0.0,,,,,,,,,0.0,0.0,,,,,,,,,,,,,,,,,,,,,,,,,,,,,,,,,,,,,,,,,,,,,,,,,,,,,,,,,,,,,,,,,,,,,,,,,,,,,0.0,,,,,,,,,,,,,,,,,,,0.0,,,,,,,,,,0.0,,,,,,,,,,0.0,,,,0.0,,,,,,0.0,,,,,,,,,,,,,,0.0,0,,,,,,,,,,,,,,,,,,,,,,,0.0,,,,,,,,0.0,0.0,,,,,,,0.0,0.0,,,,,,,0.0,0.0,0.0,,,,,,0.0,0.0,,,,,,,,,,,,,,,,,,,,0.0,,,,,,,,,,0.0,0.0,0,,,,,,,,0.0,,,,,,,,0.0,,,,,,,,,,,,,,,,,,,,,,,,,,,,,,,,,,,,,,0,0.,0.,0.,0,0,0,0,,,0.0,0.0,0.0,0.0,41,,,,,,,,,,,,,,,,,,,,,,,,,,,,,,,,,,,,,,,,,,,,,,,,,,,,,,,,,,,,,,,,,,,,,,,,,,,,,,,,,,,,,,,,,,,,,,,,,,,,,,,,,,,,,
Sz129,J15591647-4157102,HBC 609,15h59m16.48s,-41d57m10.3s,Lupus IV,150,K7,0.79,-8.4,0.9,12.28,12.0,6,1,,lupus,,,False,53,53,23.31,Ximg,2RXS J155918.4-415719,932435,170,15.29,16.81,5.046483,0.0508,0.0152,331.24,239.82673,-41.95532,15H59M18.41S,-41D57M19.1S,336.26892,8.44229,246.40598,-20.95594,0.238,0.374,0.11,0.878,0.147,0.621,0.169,4,1,0,0,20,0.1028,0.03626,0.08171,21.35,-0.12067,0.14984,0.08836,0.07933,0.153,-2.4232,3.7702,-0.642726,2.4190,0.4917,1.824,0.0002996,0.0004687,-1.7400,3.097,0.059880,1.329e-12,1.4480,2.8950,5,2,16.920000,109,0.08653,9.543,0.197300,14.56,0.050100,0.000000,1.973,3.946,5,2,0.04191,0.8382,0.0005209,0.0006887,0.327600,0.3312,0.060150,7.005e-13,1.521,3.042,5,2,198.1685,463.1776,0.292063,0.268932,-5250.34,18600.48,600,1.0,52,0.2072,1.6805,,20.13,21.56,43.00,64.56,51.60,42.96,41.45,84.42,227.257,2.30,6.71,28.67,35.38,0,0,,0.00000,0.00000,,,,,,0,0,,0.00000,0.00000,,,,,,0,0,,0.00000,0.00000,,,,,,1,103256,0.2,239.82666,-41.95528,J155918.4-415719,0.058070,0.015440,19.453,5.172400,24,335,0.930000,0.230000,0.390000,0.270000,0,0,,,,,,,0.00000,0.00000,0,0,,0.00000,0.00000,,,,,,,0,0,,0.00000,0.00000,,,,,0,0,,0.00000,0.00000,,,,0,0,,0.00000,0.00000,,,,0,0,,0.00000,0.00000,,,,0,0,,0.00000,0.00000,,,0,0,,0.00000,0.00000,,,,,,,,,,0,0,,0.00000,0.00000,,,,,,0,0,,0.00000,0.00000,,,,,,0,0,,0.00000,0.00000,,,,0,0,,0.00000,0.00000,,,,0,0,,,,,,,0.00000,0.00000,,,1,-5954.82,15398.95,-4335.44,22414.87,0.0011,0.0011121,0,0.03626,0.08171,-2.4232,3.7702,10,10,0,0,-0.120670,0.149841,0.088357,0.079333,,-0.642726,0.117966,0,gp,gm,gb,1,i,l,b,6543368.0,22486216.0,1990-08-16,14:42:57.8,1991-02-17,06:10:16.0,52,,,,,,,,,,,,,,,,,,,,,,,,,,,,,,,,,,,,,,,,,,,,,,,,,,,,,,,,,,,,,,,,,,,,,,,,,,,,,,,,,,,,,,,,,,,,,,,,,,,,,,,,,,,,,
Sz130,J16003103-4143369,HBC 610,16h00m31.05s,-41d43m37.2s,Lupus IV,150,M2,0.41,-9.19,0.0,15.05,14.71,2,1,,lupus,,,False,46,46,,0.0,0.0,,0.0,,,,,,,,,0.0,0.0,,,,,,,,,,,,,,,,,,,,,,,,,,,,,,,,,,,,,,,,,,,,,,,,,,,,,,,,,,,,,,,,,,,,,,,,,,,,,0.0,,,,,,,,,,,,,,,,,,,0.0,,,,,,,,,,0.0,,,,,,,,,,0.0,,,,0.0,,,,,,0.0,,,,,,,,,,,,,,0.0,0,,,,,,,,,,,,,,,,,,,,,,,0.0,,,,,,,,0.0,0.0,,,,,,,0.0,0.0,,,,,,,0.0,0.0,0.0,,,,,,0.0,0.0,,,,,,,,,,,,,,,,,,,,0.0,,,,,,,,,,0.0,0.0,0,,,,,,,,0.0,,,,,,,,0.0,,,,,,,,,,,,,,,,,,,,,,,,,,,,,,,,,,,,,,0,0.,0.,0.,0,0,0,0,,,0.0,0.0,0.0,0.0,45,,,,,,,,,,,,,,,,,,,,,,,,,,,,,,,,,,,,,,,,,,,,,,,,,,,,,,,,,,,,,,,,,,,,,,,,,,,,,,,,,,,,,,,,,,,,,,,,,,,,,,,,,,,,,
Sz19,J11072074-7738073,DI Cha,11h07m20.74s,-77d38m07.3s,Cha I,160,K0,2.08,-7.63,1.5,11.02,10.93,7,1,,cha-1,,,False,19,19,14.72,Ximg,2RXS J110717.3-773817,933108,053,29.28,21.45,5.420013,0.0443,0.0112,483.86,166.82216,-77.63808,11H07M17.31S,-77D38M17.1S,297.32495,-15.91509,238.76947,-66.29451,0.000,0.000,0.00,1.000,0.115,0.482,0.124,8,1,0,0,36,0.1039,0.07982,0.08323,54.10,-0.13248,0.27122,0.09762,0.20219,0.099,-0.33293,0.61906,-0.537791,0.9270,11.7200,34.91,0.008971,0.07999,-8.0000,17.95,0.069500,2.716e-06,0.8264,2.4790,6,3,2.923000,25.71,0.0008738,0.002191,0.756500,3.395,0.070740,0.000000,0.5078,1.523,6,3,11.65000,41.71,0.5759,14.71,0.099980,0.9096,0.067050,2.405e-10,0.8119,2.436,6,3,289.5177,168.1020,0.142095,0.140107,2971.09,-7956.32,600,1.0,52,0.1781,1.5931,,19.59,21.75,51.54,73.28,38.29,11.28,12.97,24.25,141.623,0.00,15.49,44.35,59.83,0,0,,0.00000,0.00000,,,,,,17,177358,14.3,166.83630,-77.63553,J110720.7-773807,0.16542,0.005339,2.8294e-13,6.007e-15,9,45160,12.4,166.83170,-77.63530,J110719.6-773807,0.047200,0.001390,25178,WG200207P.N1,2,123769,1.0,166.82333,-77.63819,J110717.6-773817,0.046960,0.010950,23.339,5.442150,42,497,1.000000,0.150000,0.410000,0.210000,0,0,,,,,,,0.00000,0.00000,1,2515167,14.7,166.83639,-77.63537,2515144,11.016,11.840,9414,743,1,0,0,,0.00000,0.00000,,,,,0,0,,0.00000,0.00000,,,,0,0,,0.00000,0.00000,,,,0,0,,0.00000,0.00000,,,,0,0,,0.00000,0.00000,,,0,0,,0.00000,0.00000,,,,,,,,,,1,6022,13.4,166.83549,-77.63570,1RXH J110720.5-773808,0.009878,0.001180,8324,7.2,0,0,,0.00000,0.00000,,,,,,0,0,,0.00000,0.00000,,,,0,0,,0.00000,0.00000,,,,1,216303,279.6,216303,933108,56,31.23,0.0423,167.00491,-77.70525,9,0,2,-452.71,-8938.17,6418.25,-6782.41,0.00067,0.00065441,0,0.07982,0.08323,-0.33293,0.61906,15,15,0,0,-0.132478,0.271223,0.097621,0.202188,,-0.537791,0.163044,0,gp,gm,gb,1,i,l,b,5709004.0,6147410.0,1990-08-06,22:56:53.8,1990-08-12,00:43:39.8,18,,4XMM J110720.7-773807,4XMMs J110720.7-773807,6,1,3,11 07 20.78,-77 38 07.8,0.1548956,9666.419,,1,4.623017e-13,1.484529e-14,1.180095e-13,3.98815e-15,1.690586e-13,4.666626e-15,1.178932e-13,6.905867e-15,4.203213e-14,1.129071e-14,0.3304077,0.00926912,3189.31,64.71489,859.8956,38.89476,0.0,0.0,-3.535156,17841.19,12849.95,0.08821941,,1,,,,52373.40770833,52373.79434028,,,,,,,,,,,,,,,,,,,,,,,,,,,,,,,,,,,,,,,,,,,,,,,,,,,,,,,,,,,,,,,,,,,,
Sz45,J11173700-7704381,HBC 590,11h17m37s,-77d04m38.1s,Cha I,160,M0.5,0.51,-8.09,0.7,13.5,13.5,3,1,STIS/G140L/G230L/G430L/G750L,cha-1,,,False,11,11,26.35,Ximg,2RXS J111729.1-770437,933108,032,20.91,15.00,4.532881,0.0415,0.0126,361.13,169.37147,-77.07719,11H17M29.15S,-77D04M37.8S,297.63370,-15.18212,237.86057,-65.59560,0.000,0.000,0.00,1.000,0.212,0.136,0.222,8,1,0,0,23,0.0745,0.02776,0.05960,11.12,-0.16436,0.10276,0.12174,0.07084,0.224,-2.3261,3.0631,-0.759417,0.8940,14.1300,132.4,0.01302,0.09466,-8.0000,272,0.057700,3.941e-06,,0.1556,4,0,5.941000,6462,0.001404,0.1765,0.800700,961.8,0.057040,0.000000,,0.05054,4,0,18.98000,279.1,8.104,1248,0.086840,5.446,0.054030,2.893e-09,,0.05531,4,0,245.3875,122.7585,0.202192,0.217973,-1000.62,-12037.24,600,1.0,31,0.1268,1.6170,,9.10,17.25,22.19,39.45,58.06,20.33,25.29,45.62,233.898,0.00,10.43,13.70,24.13,0,0,,0.00000,0.00000,,,,,,0,0,,0.00000,0.00000,,,,,,2,45940,17.7,169.38499,-77.07330,J111732.4-770424,0.021380,0.000000,3845,US200047P-0.N1,1,123753,3.1,169.37459,-77.07667,J111729.9-770436,0.044860,0.012610,15.88,4.463940,28,354,1.000000,0.160000,0.290000,0.260000,0,0,,,,,,,0.00000,0.00000,0,0,,0.00000,0.00000,,,,,,,0,0,,0.00000,0.00000,,,,,0,0,,0.00000,0.00000,,,,0,0,,0.00000,0.00000,,,,0,0,,0.00000,0.00000,,,,0,0,,0.00000,0.00000,,,0,0,,0.00000,0.00000,,,,,,,,,,0,0,,0.00000,0.00000,,,,,,0,0,,0.00000,0.00000,,,,,,0,0,,0.00000,0.00000,,,,0,0,,0.00000,0.00000,,,,0,0,,,,,,,0.00000,0.00000,,,2,-4428.64,-13043.35,2412.83,-10790.90,0.00069,0.00062424,0,0.02776,0.05960,-2.3261,3.0631,13,13,0,0,-0.164356,0.102758,0.121742,0.070838,,-0.759417,0.087365,0,gp,gm,gb,1,i,l,b,5691715.0,6055088.0,1990-08-06,18:08:44.8,1990-08-10,23:04:57.8,10,,,,,,,,,,,,,,,,,,,,,,,,,,,,,,,,,,,,,,,,,,,,,,,,,,,,,,,,,,,,,,,,,,,,,,,,,,,,,,,,,,,,,,,,,,,,,,,,,,,,,,,,,,,,,
Sz66,J15392828-3446180,MJS2008-5,15h39m28.28s,-34d46m18s,Lupus I,150,M3,0.29,-8.54,1.0,15.41,15.0,4,1,,lupus,,,False,43,43,23.92,Ximg,2RXS J153926.5-344629,932336,100,40.64,31.18,6.504729,0.0796,0.0166,391.96,234.86066,-34.77472,15H39M26.55S,-34D46M29.0S,337.89938,16.45048,240.71977,-14.83868,0.208,0.236,0.53,0.680,0.113,0.097,0.143,2,1,0,0,14,0.1245,0.07675,0.08447,45.05,-0.06574,0.24744,0.08730,0.10140,0.102,-0.68357,0.82562,-0.827939,1.0210,2.3400,5.89,0.000336,0.000473,-6.2830,8.57,0.066100,2.591e-09,0.9411,2.8230,6,3,4.900000,49.41,0.08796,5.874,0.114500,4.152,0.058090,0.000000,1.18,3.539,6,3,1.12300,3.278,0.01049,0.0584,0.100200,0.1055,0.061700,4.392e-12,1.148,3.444,6,3,92.4715,340.4650,0.141827,0.141085,-14763.07,7556.35,600,1.0,62,0.2530,1.6333,,25.38,33.43,35.35,68.78,35.38,20.98,13.20,34.18,184.462,10.31,24.49,29.73,54.22,0,0,,0.00000,0.00000,,,,,,0,0,,0.00000,0.00000,,,,,,7,66380,6.6,234.86169,-34.77310,J153926.8-344622,0.058880,0.008760,830,WG201185P-1.N1,1,98322,1.1,234.86082,-34.77444,J153926.6-344628,0.083730,0.016060,34.162,6.552480,59,408,0.680000,0.140000,0.210000,0.220000,0,0,,,,,,,0.00000,0.00000,1,1823744,24.1,234.85551,-34.77991,1823734,8.795,9.411,7335,861,1,0,0,,0.00000,0.00000,,,,,0,0,,0.00000,0.00000,,,,0,0,,0.00000,0.00000,,,,0,0,,0.00000,0.00000,,,,0,0,,0.00000,0.00000,,,0,0,,0.00000,0.00000,,,,,,,,,,0,0,,0.00000,0.00000,,,,,,0,0,,0.00000,0.00000,,,,,,0,0,,0.00000,0.00000,,,,0,0,,0.00000,0.00000,,,,0,0,,,,,,,0.00000,0.00000,,,2,-15645.28,3776.10,-13771.43,10728.08,0.00099,0.0011477,0,0.07675,0.08447,-0.68357,0.82562,13,13,0,0,-0.065736,0.247442,0.087303,0.101403,,-0.827939,0.161224,0,gp,gm,gb,1,i,l,b,6015550.0,6194352.0,1990-08-10,12:05:59.8,1990-08-12,13:46:01.8,42,,,,,,,,,,,,,,,,,,,,,,,,,,,,,,,,,,,,,,,,,,,,,,,,,,,,,,,,,,,,,,,,,,,,,,,,,,,,,,,,,,,,,,,,,,,,,,,,,,,,,,,,,,,,,
Sz68,J15451286-3417305,HT Lup,15h45m12.87s,-34d17m30.8s,Lupus I,150,K2,1.4,-8.24,1.0,12.47,10.224,0,0,"COS/G130M/G140L/G160M, STIS/G230L/G230M/G430L",lupus,,,False,59,59,9.26,Ximg,2RXS J154513.5-341734,932337,089,52.13,45.11,7.725947,0.1159,0.0199,389.09,236.30650,-34.29289,15H45M13.55S,-34D17M34.4S,339.17963,16.07587,241.80067,-14.09348,0.406,0.436,0.36,0.685,0.088,0.723,0.088,6,1,0,0,22,0.8081,0.13020,0.32668,144.87,-0.07700,1.28936,0.08374,0.47453,0.882,9.8291,1.717,5.724545,0.8950,0.0010,0.4972,0.0004126,0.0007522,0.0000,1.117,0.110500,2.063e-12,1.4470,7.2340,8,5,24.270000,120.4,0.05584,0.7259,0.500400,12.11,0.108500,0.000000,1.081,5.406,8,5,0.00100,1.55,0.08368,4.889,9.431000,252.3,0.112900,2.952e-12,1.163,5.817,8,5,428.4570,302.1062,0.191932,0.200349,15475.63,4104.06,600,1.0,85,0.2636,1.7281,,34.02,22.62,89.67,112.29,41.40,24.77,38.63,63.40,178.038,15.75,11.69,72.63,84.32,0,0,,0.00000,0.00000,,,,,,5,258048,10.0,236.30340,-34.29183,J154512.8-341730,0.17802,0.006696,3.1127e-13,7.927e-15,4,66650,5.4,236.30630,-34.29140,J154513.5-341729,0.009417,0.002840,1475,WG201188P-1.N1,1,98481,1.0,236.30666,-34.29264,J154513.6-341733,0.136800,0.019990,54.994,8.035980,92,402,1.000000,0.040000,0.750000,0.100000,0,0,,,,,,,0.00000,0.00000,1,1823881,9.5,236.30359,-34.29183,1823871,10.477,11.866,7336,1114,1,0,0,,0.00000,0.00000,,,,,0,0,,0.00000,0.00000,,,,0,0,,0.00000,0.00000,,,,0,0,,0.00000,0.00000,,,,0,0,,0.00000,0.00000,,,0,0,,0.00000,0.00000,,,,,,,,,,0,0,,0.00000,0.00000,,,,,,0,0,,0.00000,0.00000,,,,,,0,0,,0.00000,0.00000,,,,0,0,,0.00000,0.00000,,,,0,0,,,,,,,0.00000,0.00000,,,1,14763.67,624.05,16224.41,7674.33,0.0013,0.0012043,0,0.13020,0.32668,9.8291,1.717,13,13,0,0,-0.077000,1.289364,0.083745,0.474530,,5.724545,0.456874,0,gp,gm,gb,1,i,l,b,6125131.0,6292405.0,1990-08-11,18:32:20.8,1990-08-13,17:00:14.8,58,,4XMM J154512.8-341730,4XMMs J154512.8-341730,2,1,3,15 45 12.86,-34 17 30.6,0.2063801,6006.592,,1,4.921109e-13,1.862216e-14,1.220979e-13,4.788868e-15,1.78264e-13,6.157492e-15,1.224492e-13,9.112615e-15,4.893796e-14,1.392278e-14,0.3738161,0.009014251,2050.185,49.00396,1109.255,35.91494,0.0,0.0,-3.299316,6718.538,5704.381,0.1046101,,1,,,,55441.12202546,55441.21501157,,,,,,,,,,,,,,,,,,,,,,,,,,,,,,,,,,,,,,,,,,,,,,,,,,,,,,,,,,,,,,,,,,,,
Sz69,J15451741-3418283,HW Lup,15h45m17.42s,-34d18m28.5s,Lupus I,150,M4.5,0.2,-9.51,0.0,16.78,16.25,3,1,,lupus,,,False,34,34,,0.0,0.0,,0.0,,,,,,,,,0.0,0.0,,,,,,,,,,,,,,,,,,,,,,,,,,,,,,,,,,,,,,,,,,,,,,,,,,,,,,,,,,,,,,,,,,,,,,,,,,,,,0.0,,,,,,,,,,,,,,,,,,,0.0,,,,,,,,,,0.0,,,,,,,,,,0.0,,,,0.0,,,,,,0.0,,,,,,,,,,,,,,0.0,0,,,,,,,,,,,,,,,,,,,,,,,0.0,,,,,,,,0.0,0.0,,,,,,,0.0,0.0,,,,,,,0.0,0.0,0.0,,,,,,0.0,0.0,,,,,,,,,,,,,,,,,,,,0.0,,,,,,,,,,0.0,0.0,0,,,,,,,,0.0,,,,,,,,0.0,,,,,,,,,,,,,,,,,,,,,,,,,,,,,,,,,,,,,,0,0.,0.,0.,0,0,0,0,,,0.0,0.0,0.0,0.0,33,,,,,,,,,,,,,,,,,,,,,,,,,,,,,,,,,,,,,,,,,,,,,,,,,,,,,,,,,,,,,,,,,,,,,,,,,,,,,,,,,,,,,,,,,,,,,,,,,,,,,,,,,,,,,
Sz71,J15464473-3430354,GW Lup,15h46m44.73s,-34d30m35.5s,Lupus I,150,M1.5,0.42,-9.06,0.5,14.03,13.54,4,1,,lupus,,,False,47,47,,0.0,0.0,,0.0,,,,,,,,,0.0,0.0,,,,,,,,,,,,,,,,,,,,,,,,,,,,,,,,,,,,,,,,,,,,,,,,,,,,,,,,,,,,,,,,,,,,,,,,,,,,,0.0,,,,,,,,,,,,,,,,,,,0.0,,,,,,,,,,0.0,,,,,,,,,,0.0,,,,0.0,,,,,,0.0,,,,,,,,,,,,,,0.0,0,,,,,,,,,,,,,,,,,,,,,,,0.0,,,,,,,,0.0,0.0,,,,,,,0.0,0.0,,,,,,,0.0,0.0,0.0,,,,,,0.0,0.0,,,,,,,,,,,,,,,,,,,,0.0,,,,,,,,,,0.0,0.0,0,,,,,,,,0.0,,,,,,,,0.0,,,,,,,,,,,,,,,,,,,,,,,,,,,,,,,,,,,,,,0,0.,0.,0.,0,0,0,0,,,0.0,0.0,0.0,0.0,46,,4XMM J154644.7-343035,4XMMs J154644.8-343035,2,1,2,15 46 44.80,-34 30 35.2,0.4899605,656.5154,,1,2.347337e-13,2.497037e-14,6.552261e-14,6.976613e-15,7.493766e-14,6.739995e-15,4.540932e-14,9.673185e-15,2.617172e-14,2.032255e-14,0.06623161,0.004127195,344.579,21.44537,,,0.0,0.0,-2.389648,5535.4,0.0,,,1,,,,54699.36265046,54699.50108796,,,,,,,,,,,,,,,,,,,,,,,,,,,,,,,,,,,,,,,,,,,,,,,,,,,,,,,,,,,,,,,,,,,,
Sz72,J15475062-3528353,HM Lup,15h47m50.63s,-35d28m35.4s,Lupus I,150,M2,0.37,-8.65,0.75,15.15,14.79,3,1,,lupus,,,False,45,45,,0.0,0.0,,0.0,,,,,,,,,0.0,0.0,,,,,,,,,,,,,,,,,,,,,,,,,,,,,,,,,,,,,,,,,,,,,,,,,,,,,,,,,,,,,,,,,,,,,,,,,,,,,0.0,,,,,,,,,,,,,,,,,,,0.0,,,,,,,,,,0.0,,,,,,,,,,0.0,,,,0.0,,,,,,0.0,,,,,,,,,,,,,,0.0,0,,,,,,,,,,,,,,,,,,,,,,,0.0,,,,,,,,0.0,0.0,,,,,,,0.0,0.0,,,,,,,0.0,0.0,0.0,,,,,,0.0,0.0,,,,,,,,,,,,,,,,,,,,0.0,,,,,,,,,,0.0,0.0,0,,,,,,,,0.0,,,,,,,,0.0,,,,,,,,,,,,,,,,,,,,,,,,,,,,,,,,,,,,,,0,0.,0.,0.,0,0,0,0,,,0.0,0.0,0.0,0.0,44,,,,,,,,,,,,,,,,,,,,,,,,,,,,,,,,,,,,,,,,,,,,,,,,,,,,,,,,,,,,,,,,,,,,,,,,,,,,,,,,,,,,,,,,,,,,,,,,,,,,,,,,,,,,,
Sz74,J15480523-3515526,HN Lup,15h48m05.23s,-35d15m52.8s,Lupus I,150,M3.5,0.3,-7.87,1.5,14.42,14.18,10,1,,lupus,,,False,44,44,,0.0,0.0,,0.0,,,,,,,,,0.0,0.0,,,,,,,,,,,,,,,,,,,,,,,,,,,,,,,,,,,,,,,,,,,,,,,,,,,,,,,,,,,,,,,,,,,,,,,,,,,,,0.0,,,,,,,,,,,,,,,,,,,0.0,,,,,,,,,,0.0,,,,,,,,,,0.0,,,,0.0,,,,,,0.0,,,,,,,,,,,,,,0.0,0,,,,,,,,,,,,,,,,,,,,,,,0.0,,,,,,,,0.0,0.0,,,,,,,0.0,0.0,,,,,,,0.0,0.0,0.0,,,,,,0.0,0.0,,,,,,,,,,,,,,,,,,,,0.0,,,,,,,,,,0.0,0.0,0,,,,,,,,0.0,,,,,,,,0.0,,,,,,,,,,,,,,,,,,,,,,,,,,,,,,,,,,,,,,0,0.,0.,0.,0,0,0,0,,,0.0,0.0,0.0,0.0,43,,,,,,,,,,,,,,,,,,,,,,,,,,,,,,,,,,,,,,,,,,,,,,,,,,,,,,,,,,,,,,,,,,,,,,,,,,,,,,,,,,,,,,,,,,,,,,,,,,,,,,,,,,,,,
Sz75,J15491210-3539051,GQ Lup,15h49m12.1s,-35d39m05.1s,Lupus I,150,K6,0.86,-7.67,0.7,12.19,11.4,1,1,,lupus,,,False,54,54,,0.0,0.0,,0.0,,,,,,,,,0.0,0.0,,,,,,,,,,,,,,,,,,,,,,,,,,,,,,,,,,,,,,,,,,,,,,,,,,,,,,,,,,,,,,,,,,,,,,,,,,,,,0.0,,,,,,,,,,,,,,,,,,,0.0,,,,,,,,,,0.0,,,,,,,,,,0.0,,,,0.0,,,,,,0.0,,,,,,,,,,,,,,0.0,0,,,,,,,,,,,,,,,,,,,,,,,0.0,,,,,,,,0.0,0.0,,,,,,,0.0,0.0,,,,,,,0.0,0.0,0.0,,,,,,0.0,0.0,,,,,,,,,,,,,,,,,,,,0.0,,,,,,,,,,0.0,0.0,0,,,,,,,,0.0,,,,,,,,0.0,,,,,,,,,,,,,,,,,,,,,,,,,,,,,,,,,,,,,,0,0.,0.,0.,0,0,0,0,,,0.0,0.0,0.0,0.0,53,,,,,,,,,,,,,,,,,,,,,,,,,,,,,,,,,,,,,,,,,,,,,,,,,,,,,,,,,,,,,,,,,,,,,,,,,,,,,,,,,,,,,,,,,,,,,,,,,,,,,,,,,,,,,
Sz76,J15493074-3549514,...,15h49m30.74s,-35d49m51.4s,Lupus I,150,M4,0.23,-9.26,0.2,15.65,15.18,3,1,,lupus,,,False,39,39,,0.0,0.0,,0.0,,,,,,,,,0.0,0.0,,,,,,,,,,,,,,,,,,,,,,,,,,,,,,,,,,,,,,,,,,,,,,,,,,,,,,,,,,,,,,,,,,,,,,,,,,,,,0.0,,,,,,,,,,,,,,,,,,,0.0,,,,,,,,,,0.0,,,,,,,,,,0.0,,,,0.0,,,,,,0.0,,,,,,,,,,,,,,0.0,0,,,,,,,,,,,,,,,,,,,,,,,0.0,,,,,,,,0.0,0.0,,,,,,,0.0,0.0,,,,,,,0.0,0.0,0.0,,,,,,0.0,0.0,,,,,,,,,,,,,,,,,,,,0.0,,,,,,,,,,0.0,0.0,0,,,,,,,,0.0,,,,,,,,0.0,,,,,,,,,,,,,,,,,,,,,,,,,,,,,,,,,,,,,,0,0.,0.,0.,0,0,0,0,,,0.0,0.0,0.0,0.0,38,,,,,,,,,,,,,,,,,,,,,,,,,,,,,,,,,,,,,,,,,,,,,,,,,,,,,,,,,,,,,,,,,,,,,,,,,,,,,,,,,,,,,,,,,,,,,,,,,,,,,,,,,,,,,
Sz77,J15514695-3556440,HBC 603,15h51m46.95s,-35d56m44.1s,Lupus I,150,K7,0.75,-8.79,0.0,13.35,13.26,1,1,,lupus,,,False,52,52,,0.0,0.0,,0.0,,,,,,,,,0.0,0.0,,,,,,,,,,,,,,,,,,,,,,,,,,,,,,,,,,,,,,,,,,,,,,,,,,,,,,,,,,,,,,,,,,,,,,,,,,,,,0.0,,,,,,,,,,,,,,,,,,,0.0,,,,,,,,,,0.0,,,,,,,,,,0.0,,,,0.0,,,,,,0.0,,,,,,,,,,,,,,0.0,0,,,,,,,,,,,,,,,,,,,,,,,0.0,,,,,,,,0.0,0.0,,,,,,,0.0,0.0,,,,,,,0.0,0.0,0.0,,,,,,0.0,0.0,,,,,,,,,,,,,,,,,,,,0.0,,,,,,,,,,0.0,0.0,0,,,,,,,,0.0,,,,,,,,0.0,,,,,,,,,,,,,,,,,,,,,,,,,,,,,,,,,,,,,,0,0.,0.,0.,0,0,0,0,,,0.0,0.0,0.0,0.0,51,,,,,,,,,,,,,,,,,,,,,,,,,,,,,,,,,,,,,,,,,,,,,,,,,,,,,,,,,,,,,,,,,,,,,,,,,,,,,,,,,,,,,,,,,,,,,,,,,,,,,,,,,,,,,
Sz82,J15560921-3756057,IM Lup,15h56m09.18s,-37d56m06.1s,Lupus II,150,K5,0.95,-8.04,0.9,11.99,11.93,3,1,,lupus,,,False,55,55,11.92,Ximg,2RXS J155609.3-375554,932435,043,8.72,10.94,4.531864,0.0277,0.0115,394.28,239.03889,-37.93175,15H56M09.33S,-37D55M54.2S,338.49106,11.87313,244.87041,-17.15489,0.000,0.000,0.00,1.000,0.342,0.531,0.284,8,1,0,0,26,-0.0609,0.00813,0.05385,11.94,-0.07830,0.13094,0.07657,0.19358,0.188,-101.86,54.64,-1.864254,1.4700,22.9000,482.9,0.01742,1.258,-8.0000,656.7,0.017310,5.274e-06,2.6520,2.6520,4,1,26.639999,8782,0.2497,2623,0.184500,1002,0.018790,0.000000,2.457,2.457,4,1,0.00100,5.422e+04,1.094e-05,12.37,0.044890,1.859e+04,0.000563,1.642e-15,3.599,3.599,4,1,244.3417,141.0701,0.229003,0.232634,-1094.75,-10389.19,600,1.0,47,0.2837,1.6239,,25.80,19.05,32.26,51.31,84.16,44.47,55.52,99.99,235.243,0.00,4.20,13.73,17.93,0,0,,0.00000,0.00000,,,,,,11,260166,11.8,239.03828,-37.93500,J155609.1-375605,0.41607,0.006153,7.1162e-13,5.5665e-15,7,67315,7.2,239.03790,-37.93360,J155609.1-375601,0.027990,0.004760,1314,WG200747P.N1,1,103114,2.2,239.03876,-37.93236,J155609.3-375556,0.032600,0.011510,13.007,4.592490,15,399,0.810000,0.360000,0.470000,0.340000,0,0,,,,,,,0.00000,0.00000,0,0,,0.00000,0.00000,,,,,,,0,0,,0.00000,0.00000,,,,,0,0,,0.00000,0.00000,,,,0,0,,0.00000,0.00000,,,,0,0,,0.00000,0.00000,,,,0,0,,0.00000,0.00000,,,0,0,,0.00000,0.00000,,,,,,,,,,0,0,,0.00000,0.00000,,,,,,0,0,,0.00000,0.00000,,,,,,0,0,,0.00000,0.00000,,,,0,0,,0.00000,0.00000,,,,0,0,,,,,,,0.00000,0.00000,,,2,-2003.20,-13543.79,-444.54,-6514.40,0.0013,0.001279,0,0.00813,0.05385,-101.86,54.64,14,14,0,0,-0.078300,0.130940,0.076573,0.193583,,-1.864254,0.061972,0,gp,gm,gb,1,i,l,b,6401983.0,6577904.0,1990-08-14,23:26:32.8,1990-08-17,00:18:33.8,54,,4XMM J155609.2-375606,4XMMs J155609.2-375606,3,3,7,15 56 09.19,-37 56 06.2,0.06508345,72134.26,,1,1.183232e-12,1.803202e-14,3.169869e-13,4.070198e-15,3.728741e-13,4.737827e-15,2.634702e-13,6.141689e-15,1.839899e-13,1.540794e-14,0.882443,0.007642659,21315.89,173.5595,12976.65,143.606,0.0,0.0,-4.070312,60196.14,44743.98,0.330419,,1,90.5941,4.523579081379e-40,12.97594,53590.19274306,53620.09138889,,,,,,,,,,,,,,,,,,,,,,,,,,,,,,,,,,,,,,,,,,,,,,,,,,,,,,,,,,,,,,,,,,,,
Sz84,J15580252-3736026,...,15h58m02.53s,-37d36m02.7s,Lupus I,150,M5,0.16,-9.21,0.0,16.51,16.16,2,1,,lupus,,,False,29,29,,0.0,0.0,,0.0,,,,,,,,,0.0,0.0,,,,,,,,,,,,,,,,,,,,,,,,,,,,,,,,,,,,,,,,,,,,,,,,,,,,,,,,,,,,,,,,,,,,,,,,,,,,,0.0,,,,,,,,,,,,,,,,,,,0.0,,,,,,,,,,0.0,,,,,,,,,,0.0,,,,0.0,,,,,,0.0,,,,,,,,,,,,,,0.0,0,,,,,,,,,,,,,,,,,,,,,,,0.0,,,,,,,,0.0,0.0,,,,,,,0.0,0.0,,,,,,,0.0,0.0,0.0,,,,,,0.0,0.0,,,,,,,,,,,,,,,,,,,,0.0,,,,,,,,,,0.0,0.0,0,,,,,,,,0.0,,,,,,,,0.0,,,,,,,,,,,,,,,,,,,,,,,,,,,,,,,,,,,,,,0,0.,0.,0.,0,0,0,0,,,0.0,0.0,0.0,0.0,28,,,,,,,,,,,,,,,,,,,,,,,,,,,,,,,,,,,,,,,,,,,,,,,,,,,,,,,,,,,,,,,,,,,,,,,,,,,,,,,,,,,,,,,,,,,,,,,,,,,,,,,,,,,,,
Sz97,J16082180-3904214,MJS2008-40,16h08m21.79s,-39d04m21.5s,Lupus III,200,M4,0.23,-9.53,0.0,15.15,14.61,4,1,,lupus,,,False,41,41,,0.0,0.0,,0.0,,,,,,,,,0.0,0.0,,,,,,,,,,,,,,,,,,,,,,,,,,,,,,,,,,,,,,,,,,,,,,,,,,,,,,,,,,,,,,,,,,,,,,,,,,,,,0.0,,,,,,,,,,,,,,,,,,,0.0,,,,,,,,,,0.0,,,,,,,,,,0.0,,,,0.0,,,,,,0.0,,,,,,,,,,,,,,0.0,0,,,,,,,,,,,,,,,,,,,,,,,0.0,,,,,,,,0.0,0.0,,,,,,,0.0,0.0,,,,,,,0.0,0.0,0.0,,,,,,0.0,0.0,,,,,,,,,,,,,,,,,,,,0.0,,,,,,,,,,0.0,0.0,0,,,,,,,,0.0,,,,,,,,0.0,,,,,,,,,,,,,,,,,,,,,,,,,,,,,,,,,,,,,,0,0.,0.,0.,0,0,0,0,,,0.0,0.0,0.0,0.0,40,,,,,,,,,,,,,,,,,,,,,,,,,,,,,,,,,,,,,,,,,,,,,,0.1555732,2CXO J160821.7-390421,242.0908,-39.07268,0.74,FALSE,FALSE,5.59,5.036e-15,4.126e-15,5.946e-15,nan,nan,nan,FALSE,-0.8582,-1.0,-0.2442,-0.8357,-0.9076,-0.7502,0.0,0.0,nan,nan,u,9921,1,16,ACIS,2.045,263.92,28959.8,0,FALSE,5.59,nan,ACIS-7,0,0.5,0.342,62.1,nan,nan,nan,43.0,-999.0,0.0015654,nan,5.833e-15,4.68e-15,6.923e-15,nan,nan,nan,-0.8395,-1.0,-0.2255,-0.8157,-0.7177,-0.8963,0.0,nan,acisfJ1608309m390320_001
Sz98,J16082249-3904464,V1279 Sco,16h08m22.5s,-39d04m46s,Lupus III,200,K7,0.7,-7.23,1.0,13.27,13.66,5,1,,lupus,,,False,51,51,,0.0,0.0,,0.0,,,,,,,,,0.0,0.0,,,,,,,,,,,,,,,,,,,,,,,,,,,,,,,,,,,,,,,,,,,,,,,,,,,,,,,,,,,,,,,,,,,,,,,,,,,,,0.0,,,,,,,,,,,,,,,,,,,0.0,,,,,,,,,,0.0,,,,,,,,,,0.0,,,,0.0,,,,,,0.0,,,,,,,,,,,,,,0.0,0,,,,,,,,,,,,,,,,,,,,,,,0.0,,,,,,,,0.0,0.0,,,,,,,0.0,0.0,,,,,,,0.0,0.0,0.0,,,,,,0.0,0.0,,,,,,,,,,,,,,,,,,,,0.0,,,,,,,,,,0.0,0.0,0,,,,,,,,0.0,,,,,,,,0.0,,,,,,,,,,,,,,,,,,,,,,,,,,,,,,,,,,,,,,0,0.,0.,0.,0,0,0,0,,,0.0,0.0,0.0,0.0,50,,,,,,,,,,,,,,,,,,,,,,,,,,,,,,,,,,,,,,,,,,,,,,0.6850441,2CXO J160822.4-390446,242.0936,-39.07962,0.71,FALSE,FALSE,29.99,2.604e-13,2.512e-13,2.695e-13,nan,nan,nan,FALSE,-0.02,-0.0618,0.0206,0.0025,-0.0369,0.0406,8.0,nan,nan,nan,u,9921,1,15,ACIS,2.177,252.6,28959.8,0,FALSE,29.99,nan,ACIS-7,0,0.522,0.377,53.0,nan,nan,nan,1068.0,nan,0.039238,nan,2.604e-13,2.512e-13,2.695e-13,nan,nan,nan,-0.02,-0.0618,0.0206,0.0025,0.0406,-0.0369,8.0,nan,acisfJ1608309m390320_001
Sz99,J16082404-3905494,MJS2008-42,16h08m24.04s,-39d05m49.4s,Lupus III,200,M4,0.23,-9.41,0.0,16.47,16.0,3,1,,lupus,,,False,40,40,,0.0,0.0,,0.0,,,,,,,,,0.0,0.0,,,,,,,,,,,,,,,,,,,,,,,,,,,,,,,,,,,,,,,,,,,,,,,,,,,,,,,,,,,,,,,,,,,,,,,,,,,,,0.0,,,,,,,,,,,,,,,,,,,0.0,,,,,,,,,,0.0,,,,,,,,,,0.0,,,,0.0,,,,,,0.0,,,,,,,,,,,,,,0.0,0,,,,,,,,,,,,,,,,,,,,,,,0.0,,,,,,,,0.0,0.0,,,,,,,0.0,0.0,,,,,,,0.0,0.0,0.0,,,,,,0.0,0.0,,,,,,,,,,,,,,,,,,,,0.0,,,,,,,,,,0.0,0.0,0,,,,,,,,0.0,,,,,,,,0.0,,,,,,,,,,,,,,,,,,,,,,,,,,,,,,,,,,,,,,0,0.,0.,0.,0,0,0,0,,,0.0,0.0,0.0,0.0,39,,,,,,,,,,,,,,,,,,,,,,,,,,,,,,,,,,,,,,,,,,,,,,0.2960231,2CXO J160824.0-390549,242.1001,-39.09712,0.81,FALSE,FALSE,3.59,1.249e-14,8.953e-15,1.603e-14,nan,nan,nan,FALSE,-0.9994,-1.0,-0.3841,-0.4072,-0.6152,-0.158,0.0,nan,nan,nan,u,8901,0,8,ACIS,2.095,60.37,9899.3,0,FALSE,3.59,nan,ACIS-3,0,nan,nan,nan,nan,nan,nan,16.0,-999.0,0.001753,nan,1.249e-14,8.953e-15,1.603e-14,nan,nan,nan,-0.9994,-1.0,-0.3841,-0.4072,-0.158,-0.6152,0.0,nan,acisfJ1608348m390550_001
T12,J11025504-7721508,Sz 10,11h02m55.04s,-77d21m50.8s,Cha I,160,M4.5,0.19,-8.7,0.8,16.67,16.25,4,1,,cha-1,,,False,6,6,,0.0,0.0,,0.0,,,,,,,,,0.0,0.0,,,,,,,,,,,,,,,,,,,,,,,,,,,,,,,,,,,,,,,,,,,,,,,,,,,,,,,,,,,,,,,,,,,,,,,,,,,,,0.0,,,,,,,,,,,,,,,,,,,0.0,,,,,,,,,,0.0,,,,,,,,,,0.0,,,,0.0,,,,,,0.0,,,,,,,,,,,,,,0.0,0,,,,,,,,,,,,,,,,,,,,,,,0.0,,,,,,,,0.0,0.0,,,,,,,0.0,0.0,,,,,,,0.0,0.0,0.0,,,,,,0.0,0.0,,,,,,,,,,,,,,,,,,,,0.0,,,,,,,,,,0.0,0.0,0,,,,,,,,0.0,,,,,,,,0.0,,,,,,,,,,,,,,,,,,,,,,,,,,,,,,,,,,,,,,0,0.,0.,0.,0,0,0,0,,,0.0,0.0,0.0,0.0,5,,4XMM J110255.3-772150,4XMMs J110255.3-772149,6,1,3,11 02 55.33,-77 21 49.3,1.687744,17.23514,,1,1.357479e-14,1.143414e-14,9.977349e-16,4.927037e-16,1.402582e-15,7.010422e-16,2.07586e-16,6.980967e-16,7.549843e-15,1.132046e-14,0.006414678,0.002048828,54.17432,12.81501,22.14713,9.771753,0.0,0.0,-0.7324677,30264.32,28438.09,0.001817952,,1,,,,52869.24517361,52869.60024306,,,,,,,,,,,,,,,,,,,,,,,,,,,,,,,,,,,,,,,,,,,,,,,,,,,,,,,,,,,,,,,,,,,,
T4,J10563044-7711393,SY Cha,10h56m30.44s,-77d11m39.3s,Cha I,160,K7,0.78,-9.41,0.5,14.51,13.8,7,1,,cha-1,,,False,13,13,,0.0,0.0,,0.0,,,,,,,,,0.0,0.0,,,,,,,,,,,,,,,,,,,,,,,,,,,,,,,,,,,,,,,,,,,,,,,,,,,,,,,,,,,,,,,,,,,,,,,,,,,,,0.0,,,,,,,,,,,,,,,,,,,0.0,,,,,,,,,,0.0,,,,,,,,,,0.0,,,,0.0,,,,,,0.0,,,,,,,,,,,,,,0.0,0,,,,,,,,,,,,,,,,,,,,,,,0.0,,,,,,,,0.0,0.0,,,,,,,0.0,0.0,,,,,,,0.0,0.0,0.0,,,,,,0.0,0.0,,,,,,,,,,,,,,,,,,,,0.0,,,,,,,,,,0.0,0.0,0,,,,,,,,0.0,,,,,,,,0.0,,,,,,,,,,,,,,,,,,,,,,,,,,,,,,,,,,,,,,0,0.,0.,0.,0,0,0,0,,,0.0,0.0,0.0,0.0,12,,4XMM J105630.3-771139,4XMMs J105630.2-771139,6,3,9,10 56 30.21,-77 11 39.9,0.1656612,8161.143,,1,2.309591e-13,1.29797e-14,6.278967e-14,1.787076e-15,6.721548e-14,1.991124e-15,4.037386e-14,2.897055e-15,5.08289e-14,1.233255e-14,0.1660174,0.0033064,3474.063,66.19597,1766.194,46.88648,0.0,0.0,-2.939941,69026.91,49556.34,0.06136497,,1,11.77306,7.709516605495e-06,4.537217,51963.57222222,51964.65635417,,,,,0.5290675,2CXO J105630.3-771138,164.1264,-77.19413,0.96,FALSE,FALSE,14.26,1.249e-13,1.155e-13,1.342e-13,nan,nan,nan,FALSE,-0.2361,-0.3292,-0.143,-0.416,-0.4753,-0.3517,1.0,nan,nan,nan,u,8582,0,26,ACIS,8.296,52.89,22858.8,3,FALSE,14.26,nan,ACIS-3,0,2.901,2.71,61.5,nan,nan,nan,279.0,-999.0,0.012284,nan,1.249e-13,1.155e-13,1.342e-13,nan,nan,nan,-0.2361,-0.3292,-0.143,-0.416,-0.3517,-0.4753,1.0,nan,acisfJ1058244m771702_001
T40,J11092379-7623207,VZ Cha,11h09m23.79s,-76d23m20.7s,Cha I,160,M0.5,0.49,-7.33,1.2,12.71,12.94,7,1,,cha-1,,,False,10,10,,0.0,0.0,,0.0,,,,,,,,,0.0,0.0,,,,,,,,,,,,,,,,,,,,,,,,,,,,,,,,,,,,,,,,,,,,,,,,,,,,,,,,,,,,,,,,,,,,,,,,,,,,,0.0,,,,,,,,,,,,,,,,,,,0.0,,,,,,,,,,0.0,,,,,,,,,,0.0,,,,0.0,,,,,,0.0,,,,,,,,,,,,,,0.0,0,,,,,,,,,,,,,,,,,,,,,,,0.0,,,,,,,,0.0,0.0,,,,,,,0.0,0.0,,,,,,,0.0,0.0,0.0,,,,,,0.0,0.0,,,,,,,,,,,,,,,,,,,,0.0,,,,,,,,,,0.0,0.0,0,,,,,,,,0.0,,,,,,,,0.0,,,,,,,,,,,,,,,,,,,,,,,,,,,,,,,,,,,,,,0,0.,0.,0.,0,0,0,0,,,0.0,0.0,0.0,0.0,9,,4XMM J110923.6-762320,4XMMs J110923.5-762320,2,2,5,11 09 23.58,-76 23 20.8,0.1312432,12567.49,,1,2.690857e-13,1.056757e-14,4.007536e-14,1.080525e-15,6.267599e-14,1.474759e-15,7.186137e-14,2.749914e-15,8.545244e-14,9.996877e-15,0.136827,0.002448254,5216.305,80.61588,3353.821,64.52773,0.0,0.0,-3.431641,95212.3,72401.04,0.04865165,,1,154.451,1.845773890651e-35,11.92623,53276.7831713,53616.60659722,,,,,,,,,,,,,,,,,,,,,,,,,,,,,,,,,,,,,,,,,,,,,,,,,,,,,,,,,,,,,,,,,,,,
T48,J11105333-7634319,WZ Cha,11h10m53.33s,-76d34m31.9s,Cha I,160,M3,0.3,-7.96,1.2,15.63,15.48,6,1,,cha-1,,,False,9,9,,0.0,0.0,,0.0,,,,,,,,,0.0,0.0,,,,,,,,,,,,,,,,,,,,,,,,,,,,,,,,,,,,,,,,,,,,,,,,,,,,,,,,,,,,,,,,,,,,,,,,,,,,,0.0,,,,,,,,,,,,,,,,,,,0.0,,,,,,,,,,0.0,,,,,,,,,,0.0,,,,0.0,,,,,,0.0,,,,,,,,,,,,,,0.0,0,,,,,,,,,,,,,,,,,,,,,,,0.0,,,,,,,,0.0,0.0,,,,,,,0.0,0.0,,,,,,,0.0,0.0,0.0,,,,,,0.0,0.0,,,,,,,,,,,,,,,,,,,,0.0,,,,,,,,,,0.0,0.0,0,,,,,,,,0.0,,,,,,,,0.0,,,,,,,,,,,,,,,,,,,,,,,,,,,,,,,,,,,,,,0,0.,0.,0.,0,0,0,0,,,0.0,0.0,0.0,0.0,8,,4XMM J111053.2-763432,4XMMs J111053.2-763432,2,2,4,11 10 53.23,-76 34 32.4,0.6330894,209.6306,,1,1.465323e-14,4.241639e-15,2.594866e-15,3.846873e-16,3.337911e-15,4.987099e-16,2.114911e-15,7.791999e-16,1.111093e-15,3.573838e-15,0.009485269,0.0009925549,193.6427,19.48372,110.6992,15.92513,0.0,0.0,-1.470352,76411.48,72402.85,0.004283983,,1,2.146793,0.1428680432787,1.463586,53276.7831713,53616.60659722,,,,,0.2080978,2CXO J111053.3-763432,167.7224,-76.57556,0.77,FALSE,FALSE,7.59,1.073e-14,9.294e-15,1.218e-14,nan,nan,nan,FALSE,-0.1886,-0.3716,-0.0044,-0.426,-0.5378,-0.3042,0.0,nan,nan,nan,u,1867,0,24,ACIS,2.627,58.92,66292.1,0,FALSE,7.59,nan,ACIS-3,0,0.699,0.484,129.5,nan,nan,nan,74.0,-999.0,0.0011819,nan,1.073e-14,9.294e-15,1.218e-14,nan,nan,nan,-0.1886,-0.3716,-0.0044,-0.426,-0.3042,-0.5378,0.0,nan,acisfJ1110081m763440_001
T49,J11113965-7620152,XX Cha,11h11m39.65s,-76d20m15.2s,Cha I,160,M3.5,0.25,-7.41,1.0,15.0,15.28,5,1,,cha-1,,,False,8,8,10.23,Ximg,2RXS J111138.7-762005,933108,007,62.69,36.77,6.598090,0.1272,0.0228,289.06,167.91147,-76.33486,11H11M38.75S,-76D20M05.4S,297.02188,-14.62167,235.89429,-65.67049,0.487,0.382,4.07,1.000,0.072,0.182,0.128,8,1,0,0,7,0.1563,0.15491,0.11063,71.62,-0.02088,0.32920,0.07467,0.11906,0.062,-0.021891,0.27777,-0.078811,0.8650,1.1110,0.6815,0.0008323,0.003329,-2.1280,3.895,0.126100,4.73e-12,1.5780,4.7340,6,3,2.939000,60.99,0.0009047,0.003389,0.507500,7.558,0.105400,0.000000,2.384,7.152,6,3,0.27890,1.48,0.001242,0.001537,0.305000,0.1908,0.120100,1.58e-12,1.877,5.632,6,3,272.3535,63.4647,0.188981,0.181678,1426.31,-17373.68,600,1.0,55,0.0932,1.6646,,10.09,30.96,47.65,78.61,19.68,8.63,18.00,26.63,150.391,0.00,26.45,38.25,64.71,0,0,,0.00000,0.00000,,,,,,32,178276,10.3,167.91501,-76.33759,J111139.6-762015,0.037355,0.001210,5.8323e-14,1.3055e-15,2,45413,25.6,167.94080,-76.33640,J111145.8-762011,0.033030,0.004780,1550,US200047P-1.N1,1,123739,11.0,167.91167,-76.33180,J111138.8-761954,0.125500,0.022930,35.14,6.420400,63,280,1.000000,0.070000,0.190000,0.180000,0,0,,,,,,,0.00000,0.00000,0,0,,0.00000,0.00000,,,,,,,0,0,,0.00000,0.00000,,,,,0,0,,0.00000,0.00000,,,,0,0,,0.00000,0.00000,,,,0,0,,0.00000,0.00000,,,,0,0,,0.00000,0.00000,,,0,0,,0.00000,0.00000,,,,,,,,,,0,0,,0.00000,0.00000,,,,,,0,0,,0.00000,0.00000,,,,,,0,0,,0.00000,0.00000,,,,0,0,,0.00000,0.00000,,,,0,0,,,,,,,0.00000,0.00000,,,1,-1763.39,-18524.52,5005.55,-16054.17,0.00062,0.00057325,0,0.15491,0.11063,-0.021891,0.27777,10,10,0,0,-0.020881,0.329197,0.074668,0.119062,,-0.078811,0.265544,0,gp,gm,gb,1,i,l,b,5443697.0,5870524.0,1990-08-03,21:15:06.9,1990-08-08,19:48:53.8,7,,4XMM J111139.6-762015,4XMMs J111139.6-762015,2,2,6,11 11 39.60,-76 20 15.4,0.129042,2796.877,,1,9.602731e-14,3.36779e-15,1.985292e-14,7.407489e-16,3.25125e-14,9.448717e-16,2.828113e-14,1.487477e-15,1.339544e-14,2.730773e-15,0.06623011,0.001401071,4544.011,93.69122,2200.229,66.56377,0.0,0.0,-2.605957,95021.77,72401.05,0.01879407,,1,11.59736,0.0006604558748403,3.323925,53276.7831713,53616.60659722,,,,,,,,,,,,,,,,,,,,,,,,,,,,,,,,,,,,,,,,,,,,,,,,,,,,,,,,,,,,,,,,,,,,
T50,J11120984-7634366,IN Cha,11h12m09.84s,-76d34m36.6s,Cha I,160,M5,0.17,-9.34,0.1,nan,nan,3,1,,cha-1,,,False,4,4,,0.0,0.0,,0.0,,,,,,,,,0.0,0.0,,,,,,,,,,,,,,,,,,,,,,,,,,,,,,,,,,,,,,,,,,,,,,,,,,,,,,,,,,,,,,,,,,,,,,,,,,,,,0.0,,,,,,,,,,,,,,,,,,,0.0,,,,,,,,,,0.0,,,,,,,,,,0.0,,,,0.0,,,,,,0.0,,,,,,,,,,,,,,0.0,0,,,,,,,,,,,,,,,,,,,,,,,0.0,,,,,,,,0.0,0.0,,,,,,,0.0,0.0,,,,,,,0.0,0.0,0.0,,,,,,0.0,0.0,,,,,,,,,,,,,,,,,,,,0.0,,,,,,,,,,0.0,0.0,0,,,,,,,,0.0,,,,,,,,0.0,,,,,,,,,,,,,,,,,,,,,,,,,,,,,,,,,,,,,,0,0.,0.,0.,0,0,0,0,,,0.0,0.0,0.0,0.0,3,,4XMM J111209.5-763435,4XMMs J111209.5-763436,2,2,5,11 12 09.57,-76 34 36.5,0.6531838,251.9792,,1,1.930245e-14,6.053034e-15,3.87711e-15,4.864918e-16,6.732359e-15,6.896074e-16,4.258095e-15,1.183616e-15,1.776249e-15,5.41657e-15,0.01413638,0.0014347,326.4016,29.26244,208.7148,25.44984,0.0,0.0,-1.48024,94824.89,72402.47,0.004120687,,1,0.1512155,0.6973764553465,0.3459549,53276.7831713,53616.60659722,,,,,0.5787243,2CXO J111209.8-763436,168.0411,-76.57668,1.14,FALSE,FALSE,6.63,8.189e-15,6.659e-15,9.719e-15,nan,nan,nan,FALSE,-0.3985,-0.5678,-0.233,0.3273,0.1555,0.5003,1.0,nan,nan,nan,u,1867,0,113,ACIS,7.062,61.61,66292.1,7,FALSE,6.63,nan,ACIS-3,0,2.307,1.875,154.4,nan,nan,nan,69.0,nan,0.00098371,nan,8.189e-15,6.659e-15,9.719e-15,nan,nan,nan,-0.3985,-0.5678,-0.233,0.3273,0.5003,0.1555,1.0,nan,acisfJ1110081m763440_001
T52,J11122772-7644223,CV Cha,11h12m27.72s,-76d44m22.3s,Cha I,160,K0,1.62,-7.48,1.0,10.74,10.98,0,0,STIS/E140M/E230M/G430L,cha-1,,,False,18,18,,0.0,0.0,,0.0,,,,,,,,,0.0,0.0,,,,,,,,,,,,,,,,,,,,,,,,,,,,,,,,,,,,,,,,,,,,,,,,,,,,,,,,,,,,,,,,,,,,,,,,,,,,,0.0,,,,,,,,,,,,,,,,,,,0.0,,,,,,,,,,0.0,,,,,,,,,,0.0,,,,0.0,,,,,,0.0,,,,,,,,,,,,,,0.0,0,,,,,,,,,,,,,,,,,,,,,,,0.0,,,,,,,,0.0,0.0,,,,,,,0.0,0.0,,,,,,,0.0,0.0,0.0,,,,,,0.0,0.0,,,,,,,,,,,,,,,,,,,,0.0,,,,,,,,,,0.0,0.0,0,,,,,,,,0.0,,,,,,,,0.0,,,,,,,,,,,,,,,,,,,,,,,,,,,,,,,,,,,,,,0,0.,0.,0.,0,0,0,0,,,0.0,0.0,0.0,0.0,17,,4XMM J111227.8-764422,4XMMs J111227.7-764422,2,1,2,11 12 27.75,-76 44 22.5,0.3792898,3027.946,,1,4.289196e-13,4.542531e-14,1.157404e-13,5.528501e-15,1.267528e-13,6.491242e-15,1.064938e-13,1.129955e-14,6.349778e-14,4.290024e-14,0.2559586,0.008918811,1155.376,38.03078,858.5743,33.15452,0.0,0.0,-3.138672,18876.38,15132.51,0.09159251,,1,,,,53276.7831713,53277.10350694,,,,,0.7950433,2CXO J111227.7-764423,168.1155,-76.73975,1.04,FALSE,FALSE,47.75,3.499e-13,3.415e-13,3.582e-13,nan,nan,nan,FALSE,-0.401,-0.4366,-0.3679,-0.4822,-0.4991,-0.4653,8.0,nan,nan,nan,u,1867,0,117,ACIS,12.61,112.61,66292.1,7,FALSE,47.75,nan,ACIS-6,0,9.752,6.334,36.5,nan,nan,nan,3188.0,-999.0,0.046977,nan,3.499e-13,3.415e-13,3.582e-13,nan,nan,nan,-0.401,-0.4366,-0.3679,-0.4822,-0.4653,-0.4991,8.0,nan,acisfJ1110081m763440_001
TW Cha,J10590108-7722407,Sz 5,10h59m01.08s,-77d22m40.7s,Cha I,160,K7,0.79,-8.86,0.8,13.91,13.4,5,1,COS/G160M,cha-1,,,False,14,14,,0.0,0.0,,0.0,,,,,,,,,0.0,0.0,,,,,,,,,,,,,,,,,,,,,,,,,,,,,,,,,,,,,,,,,,,,,,,,,,,,,,,,,,,,,,,,,,,,,,,,,,,,,0.0,,,,,,,,,,,,,,,,,,,0.0,,,,,,,,,,0.0,,,,,,,,,,0.0,,,,0.0,,,,,,0.0,,,,,,,,,,,,,,0.0,0,,,,,,,,,,,,,,,,,,,,,,,0.0,,,,,,,,0.0,0.0,,,,,,,0.0,0.0,,,,,,,0.0,0.0,0.0,,,,,,0.0,0.0,,,,,,,,,,,,,,,,,,,,0.0,,,,,,,,,,0.0,0.0,0,,,,,,,,0.0,,,,,,,,0.0,,,,,,,,,,,,,,,,,,,,,,,,,,,,,,,,,,,,,,0,0.,0.,0.,0,0,0,0,,,0.0,0.0,0.0,0.0,13,,4XMM J105901.1-772240,4XMMs J105901.0-772240,6,1,3,10 59 01.09,-77 22 40.7,0.151212,11925.21,,1,2.556538e-13,9.764672e-15,8.807449e-14,2.107166e-15,6.523949e-14,1.953751e-15,4.896104e-14,2.967394e-15,4.156135e-14,8.742575e-15,0.1999903,0.003453697,3959.941,67.84754,2348.733,52.30943,0.0,0.0,-2.526367,30279.92,28438.89,0.05712385,,1,,,,52869.24517361,52869.60024306,,,,,0.1931229,2CXO J105901.0-772240,164.7543,-77.378,0.86,FALSE,FALSE,15.06,1.144e-13,1.069e-13,1.219e-13,nan,nan,nan,TRUE,-0.5934,-0.6839,-0.4978,-0.5796,-0.624,-0.5328,0.0,nan,nan,nan,u,8582,0,2,ACIS,5.982,263.02,22858.8,7,FALSE,15.06,nan,ACIS-0,18,2.285,1.321,150.3,nan,nan,nan,305.0,-999.0,0.013737,nan,1.144e-13,1.069e-13,1.219e-13,nan,nan,nan,-0.5934,-0.6839,-0.4978,-0.5796,-0.5328,-0.624,0.0,nan,acisfJ1058244m771702_001
TW Hya,,,11h01m51.95s,-34d42m17.7s,,,,0.7,-8.698970004336019,0.0,,,,,,monitor,1.0,3.57,True,78,78,6.60,Ximg,2RXS J110151.9-344211,932326,081,553.30,209.74,15.109591,0.5833,0.0420,359.60,165.46656,-34.70309,11H01M51.97S,-34D42M11.1S,278.67914,22.95643,182.67509,-37.18625,0.123,0.146,0.32,0.547,0.050,-0.089,0.064,6,1,0,0,17,0.2301,0.51914,0.16627,266.60,0.15576,0.70250,0.17905,0.13765,0.066,0.012751,0.06593,0.193401,0.4730,1.0630,0.3776,0.002169,0.0004582,-3.9700,0.6087,0.477400,1.676e-10,2.2140,42.0600,22,19,0.057090,0.045,0.001462,0.0004698,0.508200,0.1128,0.546800,0.000000,1.042,19.79,22,19,4.32500,4.721,0.2771,1.067,0.106900,0.129,0.461900,1.244e-10,1.696,32.23,22,19,351.3648,333.4122,0.049278,0.049750,8537.33,6921.59,600,1.0,250,0.2729,1.5208,,109.87,148.00,120.26,268.26,111.10,38.57,21.42,59.99,235.243,72.77,135.13,113.11,248.23,0,0,,0.00000,0.00000,,,,,,22,174873,5.3,165.46641,-34.70455,J110151.9-344216,1.6162,0.005402,4.1585e-12,1.2569e-14,5,44738,10.5,165.46790,-34.70580,J110152.3-344220,0.301700,0.006820,6577,WG200665P.N1,3,97635,0.9,165.46666,-34.70333,J110152.0-344212,0.571400,0.043940,192.56,14.807780,558,337,0.580000,0.060000,-0.120000,0.080000,0,0,,,,,,,0.00000,0.00000,1,1798810,6.1,165.46627,-34.70476,1798798,11.342,12.091,7208,347,1,0,0,,0.00000,0.00000,,,,,0,0,,0.00000,0.00000,,,,0,0,,0.00000,0.00000,,,,0,0,,0.00000,0.00000,,,,0,0,,0.00000,0.00000,,,0,0,,0.00000,0.00000,,,,,,,,,,0,0,,0.00000,0.00000,,,,,,0,0,,0.00000,0.00000,,,,,,0,0,,0.00000,0.00000,,,,0,0,,0.00000,0.00000,,,,0,0,,,,,,,0.00000,0.00000,,,1,6763.11,3901.33,10156.76,10251.69,0.0014,0.0013493,0,0.51914,0.16627,0.012751,0.06593,12,12,0,0,0.155758,0.702505,0.179048,0.137645,,0.193401,0.685407,1,gp,gm,gb,1,i,l,b,16985574.0,17187230.0,1990-12-15,14:12:54.0,1990-12-17,22:13:50.0,77,,,,,,,,,,,,,,,,,,,,,,,,,,,,,,,,,,,,,,,,,,,,,,,,,,,,,,,,,,,,,,,,,,,,,,,,,,,,,,,,,,,,,,,,,,,,,,,,,,,,,,,,,,,,,
TWA 8A,J11324124-2651559,V550 Hya,11h32m41.27s,-26d51m56s,TWA,46,M3,0.29,-9.79,0.2,13.03,12.23,1,1,,tw-hydrae-association,,,False,73,73,5.84,Ximg,2RXS J113241.6-265153,932228,025,223.02,107.36,10.987329,0.3315,0.0339,323.86,173.17362,-26.86488,11H32M41.66S,-26D51M53.5S,281.98969,32.78460,185.31915,-27.17931,0.324,0.278,1.48,0.083,0.081,-0.060,0.107,1,1,0,0,15,0.2584,0.32539,0.12675,178.06,0.05217,0.58872,0.10203,0.17615,0.059,0.0070917,0.10969,0.064652,0.4790,0.0010,0.07649,0.0006006,0.0002061,-1.4980,0.5626,0.298900,2.434e-12,1.9750,19.7500,13,10,0.001000,0.02171,0.0009533,0.0003831,0.681200,0.1563,0.311600,0.000000,1.403,14.03,13,10,0.00100,0.1002,0.003523,0.001813,0.178900,0.02597,0.322300,2.706e-12,1.532,15.32,13,10,79.2932,157.5147,0.112232,0.109555,-15949.11,-8909.17,600,1.0,141,0.1948,1.5456,,109.92,53.22,50.68,103.90,95.37,14.23,22.78,37.02,229.340,77.25,48.35,42.88,91.22,0,0,,0.00000,0.00000,,,,,,0,0,,0.00000,0.00000,,,,,,0,0,,0.00000,0.00000,,,,,,1,92721,1.5,173.17375,-26.86528,J113241.7-265155,0.319800,0.035270,98.179,10.827890,200,307,0.030000,0.100000,-0.060000,0.150000,0,0,,,,,,,0.00000,0.00000,0,0,,0.00000,0.00000,,,,,,,0,0,,0.00000,0.00000,,,,,0,0,,0.00000,0.00000,,,,0,0,,0.00000,0.00000,,,,0,0,,0.00000,0.00000,,,,0,0,,0.00000,0.00000,,,0,0,,0.00000,0.00000,,,,,,,,,,0,0,,0.00000,0.00000,,,,,,0,0,,0.00000,0.00000,,,,,,0,0,,0.00000,0.00000,,,,0,0,,0.00000,0.00000,,,,1,165370,7.9,165370,932228,26,180.90,0.2650,173.17283,-26.86695,1,1,1,-17443.37,-12026.95,-14115.68,-5641.65,0.0011,0.0010692,0,0.32539,0.12675,0.0070917,0.10969,11,11,0,0,0.052174,0.588723,0.102031,0.176145,,0.064652,0.452141,1,gp,gm,gb,1,i,l,b,17244713.0,17383028.0,1990-12-18,14:11:53.0,1990-12-20,04:37:08.0,72,,,,,,,,,,,,,,,,,,,,,,,,,,,,,,,,,,,,,,,,,,,,,,0.8626924,2CXO J113241.2-265156,173.1717,-26.86557,0.71,FALSE,FALSE,48.33,2.988e-12,2.924e-12,3.052e-12,nan,nan,nan,FALSE,nan,nan,nan,nan,nan,nan,0.0,nan,nan,nan,u,8569,0,3,ACIS,0.284,314.61,4559.8,0,FALSE,48.33,nan,ACIS-7,0,0.245,0.228,117.4,nan,nan,nan,2802.0,nan,0.65546,nan,2.988e-12,2.924e-12,3.052e-12,nan,nan,nan,nan,nan,nan,nan,nan,nan,0.0,nan,acisfJ1132415m265212_001
VW Cha,J11080148-7742288,Sz 24,11h08m01.48s,-77d42m28.8s,Cha I,160,K7,0.67,-7.6,1.9,13.91,12.8,0,0,STIS/G140L/G230L/G430L/G750L,cha-1,,,False,12,12,9.96,Ximg,2RXS J110801.1-774218,933108,056,31.23,21.46,5.397809,0.0423,0.0106,507.23,167.00491,-77.70525,11H08M01.17S,-77D42M18.8S,297.39035,-15.96070,238.95638,-66.27494,0.057,0.208,0.00,1.000,0.127,0.048,0.153,9,1,0,0,3,-0.0500,0.05594,0.05878,48.32,-0.01665,0.22906,0.10533,0.19035,0.061,-1.6149,0.94106,-1.716039,0.9270,10.6100,32.1,0.005549,0.002798,-8.0000,69.39,0.057600,1.68e-06,0.8798,2.6400,6,3,7.926000,33.2,0.002106,0.0149,0.376400,5.111,0.056450,0.000000,0.6597,1.979,6,3,11.75000,42.34,0.8536,22.46,0.092860,0.9227,0.055440,3.285e-10,0.6799,2.04,6,3,286.2294,173.3735,0.136721,0.138803,2675.15,-7481.89,600,1.0,52,0.1694,1.5247,,12.26,31.44,41.46,72.90,54.58,17.21,34.66,51.87,180.859,0.00,23.97,26.41,50.37,0,0,,0.00000,0.00000,,,,,,14,177467,10.1,167.00687,-77.70803,J110801.6-774228,0.30527,0.007153,4.6282e-13,6.4429e-15,9,45188,10.3,167.00330,-77.70810,J110800.8-774229,0.048430,0.001290,30047,WG200207P.N1,2,123771,0.1,167.00500,-77.70528,J110801.2-774219,0.042720,0.010360,22.129,5.366480,43,518,1.000000,0.100000,0.350000,0.230000,0,0,,,,,,,0.00000,0.00000,0,0,,0.00000,0.00000,,,,,,,0,0,,0.00000,0.00000,,,,,0,0,,0.00000,0.00000,,,,0,0,,0.00000,0.00000,,,,0,0,,0.00000,0.00000,,,,0,0,,0.00000,0.00000,,,0,0,,0.00000,0.00000,,,,,,,,,,1,6024,13.1,167.00490,-77.70890,1RXH J110801.1-774232,0.017580,0.001500,8324,10.2,0,0,,0.00000,0.00000,,,,,,0,0,,0.00000,0.00000,,,,0,0,,0.00000,0.00000,,,,1,216300,279.6,216300,933108,53,29.28,0.0443,166.82216,-77.63808,8,0,1,-628.49,-8374.62,6249.17,-6240.92,0.00067,0.0005938,0,0.05594,0.05878,-1.6149,0.94106,18,18,0,0,-0.016653,0.229060,0.105328,0.190350,,-1.716039,0.114715,0,gp,gm,gb,1,i,l,b,5772459.0,6158941.0,1990-08-07,16:34:28.8,1990-08-12,03:55:50.8,11,,4XMM J110801.6-774228,4XMMs J110801.6-774229,6,1,3,11 08 01.65,-77 42 28.9,0.1154449,25368.76,,1,8.412206e-13,2.027272e-14,1.815407e-13,3.942869e-15,2.795864e-13,5.162735e-15,2.162326e-13,7.842808e-15,1.541331e-13,1.732423e-14,0.5851759,0.007761635,6723.469,86.69468,3332.352,61.582,0.0,0.0,-4.015625,17841.19,12849.96,0.1617361,,1,,,,52373.40770833,52373.79434028,,,,,,,,,,,,,,,,,,,,,,,,,,,,,,,,,,,,,,,,,,,,,,,,,,,,,,,,,,,,,,,,,,,,
